week,subtopic,article_count,sentiment_mean,sentiment_std,positive_ratio,negative_ratio
2021-12-27,AI Regulation,3,-0.08356666666666664,0.7942647690369588,0.3333333333333333,0.6666666666666666
2021-12-27,Other,16,0.14836875,0.5734891393551698,0.6875,0.3125
2022-01-03,AI & Big Tech,2,0.59185,0.24091128035025675,1.0,0.0
2022-01-03,AI & Jobs,1,0.2168,0.0,1.0,0.0
2022-01-03,AI Regulation,10,-0.11463999999999999,0.6455653374282799,0.4,0.5
2022-01-03,AI in Healthcare,2,-0.35145,0.6448106737640127,0.5,0.5
2022-01-03,Other,52,0.1115230769230769,0.580888746263383,0.5384615384615384,0.34615384615384615
2022-01-10,AI & Big Tech,1,-0.4939,0.0,0.0,1.0
2022-01-10,AI Regulation,9,-0.3837,0.505732649232774,0.3333333333333333,0.6666666666666666
2022-01-10,AI in Healthcare,2,-0.4184,0.2716704253318716,0.0,1.0
2022-01-10,Other,60,0.03065833333333334,0.5793060958088072,0.5,0.4
2022-01-17,AI & Big Tech,2,0.6797,0.1729583186782295,1.0,0.0
2022-01-17,AI Regulation,14,0.025414285714285723,0.6280881367073633,0.42857142857142855,0.35714285714285715
2022-01-17,AI in Healthcare,4,0.18175000000000002,0.19544720514757946,0.5,0.0
2022-01-17,Generative AI,1,-0.3867,0.0,0.0,1.0
2022-01-17,Other,48,-0.029218749999999998,0.6158786647067404,0.4583333333333333,0.4583333333333333
2022-01-24,AI & Big Tech,1,0.0,0.0,0.0,0.0
2022-01-24,AI & Jobs,2,-0.45715,0.3570182138210879,0.0,1.0
2022-01-24,AI Regulation,13,0.04686923076923077,0.6432819151100801,0.46153846153846156,0.46153846153846156
2022-01-24,AI in Healthcare,1,0.9287,0.0,1.0,0.0
2022-01-24,Generative AI,1,0.0258,0.0,0.0,0.0
2022-01-24,Other,54,0.18634814814814812,0.5442468969207144,0.6111111111111112,0.3148148148148148
2022-01-31,AI & Big Tech,2,-0.6791,0.0431335136523794,0.0,1.0
2022-01-31,AI Regulation,11,-0.03607272727272726,0.738272285936441,0.36363636363636365,0.5454545454545454
2022-01-31,Other,65,-0.03749692307692308,0.6262166345825417,0.4461538461538462,0.49230769230769234
2022-02-07,AI & Big Tech,1,-0.5106,0.0,0.0,1.0
2022-02-07,AI & Jobs,2,-0.8176,0.026021529547664908,0.0,1.0
2022-02-07,AI Regulation,15,-0.08564666666666666,0.672229648118501,0.4,0.5333333333333333
2022-02-07,Other,61,-0.015560655737704916,0.63444522833698,0.45901639344262296,0.4918032786885246
2022-02-14,AI & Big Tech,2,0.3238,0.8318404173878546,0.5,0.5
2022-02-14,AI Regulation,14,0.10152857142857143,0.7261049356549076,0.5714285714285714,0.35714285714285715
2022-02-14,AI in Healthcare,3,0.1837333333333333,0.6587798519485347,0.3333333333333333,0.6666666666666666
2022-02-14,Other,68,0.07965294117647059,0.5711203039929603,0.5735294117647058,0.38235294117647056
2022-02-21,AI & Big Tech,1,0.3818,0.0,1.0,0.0
2022-02-21,AI Regulation,14,-0.11795714285714287,0.654534226306458,0.42857142857142855,0.5
2022-02-21,AI Safety,1,-0.6124,0.0,0.0,1.0
2022-02-21,AI in Healthcare,1,-0.6486,0.0,0.0,1.0
2022-02-21,Other,64,0.022465625000000003,0.5444232755187708,0.5,0.40625
2022-02-28,AI & Big Tech,2,0.31245,0.4418710275634736,0.5,0.0
2022-02-28,AI Regulation,18,-0.2959555555555555,0.5895443546874067,0.2222222222222222,0.7777777777777778
2022-02-28,AI in Healthcare,2,-0.7466999999999999,0.09319667376038702,0.0,1.0
2022-02-28,Other,49,-0.16758571428571428,0.6124395174219247,0.40816326530612246,0.5102040816326531
2022-03-07,AI & Big Tech,1,0.4019,0.0,1.0,0.0
2022-03-07,AI Regulation,9,-0.15633333333333332,0.5811004001031147,0.4444444444444444,0.5555555555555556
2022-03-07,AI in Healthcare,1,-0.4767,0.0,0.0,1.0
2022-03-07,Other,57,-0.06301228070175438,0.5847733508042043,0.38596491228070173,0.5087719298245614
2022-03-14,AI & Jobs,1,-0.6597,0.0,0.0,1.0
2022-03-14,AI Regulation,11,-0.2995090909090909,0.5813693876607978,0.2727272727272727,0.7272727272727273
2022-03-14,AI Safety,1,-0.6705,0.0,0.0,1.0
2022-03-14,AI in Healthcare,1,0.7717,0.0,1.0,0.0
2022-03-14,Other,73,-0.14954520547945205,0.6168428455632168,0.3835616438356164,0.5616438356164384
2022-03-21,AI & Big Tech,1,0.0258,0.0,0.0,0.0
2022-03-21,AI Regulation,8,0.02656249999999999,0.6098683908083308,0.375,0.375
2022-03-21,AI in Healthcare,2,-0.4474,0.5235418607905198,0.0,1.0
2022-03-21,Other,53,-0.10601320754716981,0.5817410291654818,0.32075471698113206,0.5471698113207547
2022-03-28,AI & Big Tech,1,0.631,0.0,1.0,0.0
2022-03-28,AI Regulation,16,-0.40434375,0.5317881770890235,0.1875,0.75
2022-03-28,Other,76,-0.03640263157894737,0.6039761893703391,0.39473684210526316,0.5
2022-04-04,AI Regulation,12,-0.45592499999999997,0.5805061758734982,0.16666666666666666,0.8333333333333334
2022-04-04,AI in Healthcare,3,-0.5562,0.2548338478303068,0.0,1.0
2022-04-04,Generative AI,1,-0.4588,0.0,0.0,1.0
2022-04-04,Other,61,-0.11905901639344262,0.6208269641848818,0.3442622950819672,0.5573770491803278
2022-04-11,AI Regulation,9,-0.08383333333333333,0.6883845309854079,0.4444444444444444,0.5555555555555556
2022-04-11,Other,41,0.014824390243902441,0.6163107076712555,0.4634146341463415,0.4146341463414634
2022-04-18,AI & Big Tech,1,0.6652,0.0,1.0,0.0
2022-04-18,AI & Jobs,2,0.2975,0.8393357492684319,0.5,0.5
2022-04-18,AI Regulation,16,0.02982500000000001,0.5760231251144928,0.5,0.5
2022-04-18,AI in Healthcare,2,-0.16565000000000002,0.8570841294762143,0.5,0.5
2022-04-18,Other,47,0.014329787234042553,0.5863078364591693,0.48936170212765956,0.3829787234042553
2022-04-25,AI & Big Tech,1,-0.296,0.0,0.0,1.0
2022-04-25,AI & Jobs,1,0.8481,0.0,1.0,0.0
2022-04-25,AI Regulation,16,-0.34605,0.47168160306150025,0.25,0.6875
2022-04-25,AI Safety,1,0.0,0.0,0.0,0.0
2022-04-25,AI in Healthcare,3,-0.1269666666666667,0.8508004838581918,0.3333333333333333,0.6666666666666666
2022-04-25,Other,59,-0.04390169491525423,0.5887791991416692,0.4576271186440678,0.4745762711864407
2022-05-02,AI Regulation,13,-0.09843076923076922,0.5457387689860039,0.3076923076923077,0.46153846153846156
2022-05-02,AI in Healthcare,3,-0.32176666666666665,0.47022324839732593,0.3333333333333333,0.6666666666666666
2022-05-02,Other,54,-0.027187037037037044,0.6351009154832474,0.48148148148148145,0.46296296296296297
2022-05-09,AI & Jobs,1,0.5267,0.0,1.0,0.0
2022-05-09,AI Regulation,14,-0.30834285714285714,0.5515973206749868,0.21428571428571427,0.7142857142857143
2022-05-09,AI in Healthcare,4,-0.2826,0.449893876375307,0.25,0.5
2022-05-09,Other,61,0.031432786885245895,0.5707698849569505,0.47540983606557374,0.4098360655737705
2022-05-16,AI & Big Tech,1,0.0772,0.0,1.0,0.0
2022-05-16,AI & Jobs,1,0.3182,0.0,1.0,0.0
2022-05-16,AI Regulation,16,-0.19017499999999998,0.5780551086762116,0.3125,0.5625
2022-05-16,AI Safety,1,-0.5859,0.0,0.0,1.0
2022-05-16,AI in Healthcare,2,-0.5842,0.1773423807215861,0.0,1.0
2022-05-16,Other,55,-0.056327272727272726,0.5979670635220966,0.41818181818181815,0.509090909090909
2022-05-23,AI & Big Tech,2,-0.20225,0.7360274485370774,0.5,0.5
2022-05-23,AI & Jobs,1,0.5829,0.0,1.0,0.0
2022-05-23,AI Regulation,21,0.0841,0.5872000059604904,0.5714285714285714,0.38095238095238093
2022-05-23,Other,64,0.1049234375,0.6407988106973753,0.5625,0.390625
2022-05-30,AI & Big Tech,2,0.5439,0.09687362902255707,1.0,0.0
2022-05-30,AI & Jobs,3,0.2808,0.6538677006856968,0.6666666666666666,0.3333333333333333
2022-05-30,AI Regulation,11,0.23943636363636364,0.6845379452926291,0.6363636363636364,0.36363636363636365
2022-05-30,AI in Healthcare,1,-0.4939,0.0,0.0,1.0
2022-05-30,Other,52,0.047294230769230776,0.648898561640721,0.4807692307692308,0.46153846153846156
2022-06-06,AI & Big Tech,1,-0.6124,0.0,0.0,1.0
2022-06-06,AI & Jobs,1,-0.4939,0.0,0.0,1.0
2022-06-06,AI Regulation,18,-0.0007611111111111198,0.6263861890323392,0.4444444444444444,0.4444444444444444
2022-06-06,AI Safety,1,0.9351,0.0,1.0,0.0
2022-06-06,AI in Healthcare,2,-0.68865,0.2754180912721602,0.0,1.0
2022-06-06,Generative AI,2,0.08834999999999998,0.8584983430385874,0.5,0.5
2022-06-06,Other,58,0.047606896551724134,0.6307957352429754,0.5172413793103449,0.43103448275862066
2022-06-13,AI & Big Tech,1,0.4183,0.0,1.0,0.0
2022-06-13,AI & Jobs,3,0.2499,0.4614943444940577,0.6666666666666666,0.3333333333333333
2022-06-13,AI Regulation,16,0.0708625,0.5568770694686574,0.5625,0.375
2022-06-13,AI Safety,1,-0.6124,0.0,0.0,1.0
2022-06-13,AI in Healthcare,1,-0.5255,0.0,0.0,1.0
2022-06-13,Generative AI,1,0.5719,0.0,1.0,0.0
2022-06-13,Other,62,-0.047546774193548386,0.5399867605291824,0.43548387096774194,0.5
2022-06-20,AI & Big Tech,2,0.5356000000000001,0.10861160159025371,1.0,0.0
2022-06-20,AI Regulation,14,0.03306428571428573,0.6046132872240836,0.5714285714285714,0.42857142857142855
2022-06-20,AI Safety,1,-0.6808,0.0,0.0,1.0
2022-06-20,AI in Healthcare,2,0.655,0.3302188668141177,1.0,0.0
2022-06-20,Other,68,0.02773676470588235,0.5889446731494968,0.5294117647058824,0.4117647058823529
2022-06-27,AI & Big Tech,1,0.7003,0.0,1.0,0.0
2022-06-27,AI & Jobs,1,-0.8126,0.0,0.0,1.0
2022-06-27,AI Regulation,19,-0.23565263157894734,0.703808350940653,0.3157894736842105,0.631578947368421
2022-06-27,AI in Healthcare,3,0.039533333333333344,0.9182026591844163,0.6666666666666666,0.3333333333333333
2022-06-27,Generative AI,1,0.5574,0.0,1.0,0.0
2022-06-27,Other,53,-0.047626415094339625,0.560043802253601,0.4528301886792453,0.41509433962264153
2022-07-04,AI & Big Tech,1,0.5267,0.0,1.0,0.0
2022-07-04,AI & Jobs,1,0.7178,0.0,1.0,0.0
2022-07-04,AI Regulation,19,-0.2476157894736842,0.6687952080363597,0.2631578947368421,0.7368421052631579
2022-07-04,AI Safety,1,0.8126,0.0,1.0,0.0
2022-07-04,Other,52,0.012876923076923074,0.6194401408404726,0.4807692307692308,0.4230769230769231
2022-07-11,AI & Big Tech,2,-0.379,0.7170062761231593,0.5,0.5
2022-07-11,AI & Jobs,1,-0.7351,0.0,0.0,1.0
2022-07-11,AI Regulation,14,-0.13579285714285713,0.5629228618617238,0.42857142857142855,0.5
2022-07-11,AI Safety,2,0.1591,0.2250013777735594,0.5,0.0
2022-07-11,AI in Healthcare,2,0.455,0.6069804609705324,0.5,0.0
2022-07-11,Generative AI,1,0.128,0.0,1.0,0.0
2022-07-11,Other,63,0.13002539682539685,0.5507759619957465,0.5396825396825397,0.36507936507936506
2022-07-18,AI & Big Tech,2,0.0129,0.018243354954612927,0.0,0.0
2022-07-18,AI & Jobs,1,0.4588,0.0,1.0,0.0
2022-07-18,AI Regulation,17,-0.07732941176470588,0.5133550072375669,0.35294117647058826,0.5882352941176471
2022-07-18,AI Safety,1,0.6249,0.0,1.0,0.0
2022-07-18,AI in Healthcare,2,-0.12995,0.8065967052994948,0.5,0.5
2022-07-18,Other,60,-0.092755,0.56651460956972,0.36666666666666664,0.6
2022-07-25,AI & Big Tech,3,0.09529999999999998,0.6831954112843557,0.3333333333333333,0.6666666666666666
2022-07-25,AI & Jobs,1,-0.9287,0.0,0.0,1.0
2022-07-25,AI Regulation,18,0.06429444444444445,0.5452119549768449,0.6111111111111112,0.3333333333333333
2022-07-25,AI Safety,1,-0.4939,0.0,0.0,1.0
2022-07-25,AI in Healthcare,2,-0.4125,0.6925403814941047,0.5,0.5
2022-07-25,Other,47,0.0012170212765957383,0.6174046285509623,0.46808510638297873,0.425531914893617
2022-08-01,AI & Big Tech,2,-0.45840000000000003,0.611788787082601,0.0,0.5
2022-08-01,AI & Jobs,2,0.44865000000000005,0.5253096277434862,1.0,0.0
2022-08-01,AI Regulation,16,0.012031250000000007,0.6251893992690002,0.375,0.5
2022-08-01,AI in Healthcare,2,-0.027700000000000002,1.2023643707296054,0.5,0.5
2022-08-01,Other,70,-0.06998571428571429,0.5764578135539956,0.4,0.44285714285714284
2022-08-08,AI & Big Tech,3,-0.6397333333333334,0.35856626072921777,0.0,1.0
2022-08-08,AI Regulation,15,-0.18734666666666666,0.49217231138620354,0.26666666666666666,0.6
2022-08-08,AI Safety,1,0.8316,0.0,1.0,0.0
2022-08-08,AI in Healthcare,1,0.5423,0.0,1.0,0.0
2022-08-08,Other,48,0.06706666666666666,0.6723298684847621,0.5,0.4166666666666667
2022-08-15,AI & Big Tech,2,0.42515,0.733623285481043,0.5,0.5
2022-08-15,AI Regulation,17,0.24259411764705885,0.4746493567237138,0.5882352941176471,0.23529411764705882
2022-08-15,AI Safety,1,0.8504,0.0,1.0,0.0
2022-08-15,AI in Healthcare,1,0.0258,0.0,0.0,0.0
2022-08-15,Other,56,-0.042328571428571424,0.6217954553225202,0.42857142857142855,0.4642857142857143
2022-08-22,AI & Big Tech,1,0.8126,0.0,1.0,0.0
2022-08-22,AI & Jobs,1,0.7003,0.0,1.0,0.0
2022-08-22,AI Regulation,11,-0.2968727272727273,0.4303595777740031,0.2727272727272727,0.6363636363636364
2022-08-22,AI Safety,1,0.0,0.0,0.0,0.0
2022-08-22,AI in Healthcare,1,0.6597,0.0,1.0,0.0
2022-08-22,Generative AI,1,-0.5432,0.0,0.0,1.0
2022-08-22,Other,57,0.09681754385964912,0.5910103386583034,0.5263157894736842,0.38596491228070173
2022-08-29,AI & Big Tech,4,0.32635000000000003,0.3334716129847737,1.0,0.0
2022-08-29,AI & Jobs,1,0.8225,0.0,1.0,0.0
2022-08-29,AI Regulation,8,-0.02687500000000001,0.5265884642814402,0.5,0.5
2022-08-29,AI in Healthcare,3,0.08666666666666671,0.9105968445658779,0.6666666666666666,0.3333333333333333
2022-08-29,Generative AI,1,0.0,0.0,0.0,0.0
2022-08-29,Other,60,0.044368333333333336,0.6316665539831152,0.5,0.48333333333333334
2022-09-05,AI Regulation,17,-0.028888235294117645,0.5400719036414885,0.47058823529411764,0.47058823529411764
2022-09-05,AI in Healthcare,3,-0.017599999999999987,0.7631511252694319,0.6666666666666666,0.3333333333333333
2022-09-05,Other,73,0.07940000000000001,0.6237977808463965,0.5205479452054794,0.4246575342465753
2022-09-12,AI & Big Tech,1,0.4019,0.0,1.0,0.0
2022-09-12,AI & Jobs,1,-0.296,0.0,0.0,1.0
2022-09-12,AI Regulation,18,-0.00852777777777778,0.46747719643102004,0.3888888888888889,0.5555555555555556
2022-09-12,AI Safety,1,0.4588,0.0,1.0,0.0
2022-09-12,AI in Healthcare,4,-0.31290000000000007,0.5551953289909177,0.25,0.75
2022-09-12,Generative AI,1,0.3612,0.0,1.0,0.0
2022-09-12,Other,56,-0.19060892857142858,0.5973012695835359,0.3392857142857143,0.6071428571428571
2022-09-19,AI & Big Tech,4,0.38755,0.5204690736889817,0.75,0.25
2022-09-19,AI Regulation,21,0.2596047619047619,0.4124050066090256,0.7619047619047619,0.19047619047619047
2022-09-19,AI in Healthcare,2,-0.33175,0.7552607529853514,0.5,0.5
2022-09-19,Generative AI,3,0.32006666666666667,0.3924345083365291,0.6666666666666666,0.0
2022-09-19,Other,52,0.14006923076923078,0.5549014166245619,0.6153846153846154,0.36538461538461536
2022-09-26,AI & Big Tech,2,-0.34954999999999997,0.6753576867112715,0.5,0.5
2022-09-26,AI & Jobs,1,0.8271,0.0,1.0,0.0
2022-09-26,AI Regulation,24,-0.051050000000000005,0.5268362669500963,0.375,0.5416666666666666
2022-09-26,Other,66,-0.01813484848484849,0.6029119516001358,0.5303030303030303,0.4393939393939394
2022-10-03,AI & Big Tech,3,-0.03630000000000002,0.4682787738089353,0.6666666666666666,0.3333333333333333
2022-10-03,AI & Jobs,1,-0.296,0.0,0.0,1.0
2022-10-03,AI Regulation,21,-0.22631428571428572,0.5769641377812961,0.38095238095238093,0.5714285714285714
2022-10-03,Other,57,0.18593684210526315,0.6284416348714091,0.6491228070175439,0.2631578947368421
2022-10-10,AI & Big Tech,1,-0.34,0.0,0.0,1.0
2022-10-10,AI Regulation,21,-0.045428571428571436,0.5158585786267949,0.42857142857142855,0.47619047619047616
2022-10-10,AI in Healthcare,1,-0.3919,0.0,0.0,1.0
2022-10-10,Other,59,-0.03765254237288136,0.6146083390807213,0.4067796610169492,0.5254237288135594
2022-10-17,AI & Big Tech,2,0.05954999999999999,0.9665442592038919,0.5,0.5
2022-10-17,AI Regulation,13,0.050315384615384616,0.5678119977101486,0.5384615384615384,0.3076923076923077
2022-10-17,AI in Healthcare,3,-0.4679666666666667,0.6432516174354583,0.3333333333333333,0.6666666666666666
2022-10-17,Other,54,0.07122222222222223,0.5563186380519937,0.5740740740740741,0.3888888888888889
2022-10-24,AI & Big Tech,3,0.22496666666666665,0.30155023351563387,0.6666666666666666,0.0
2022-10-24,AI & Jobs,1,0.7184,0.0,1.0,0.0
2022-10-24,AI Regulation,24,-0.06827500000000002,0.6334523133282169,0.5,0.5
2022-10-24,AI in Healthcare,1,0.4404,0.0,1.0,0.0
2022-10-24,Other,60,-0.014753333333333337,0.6112814022204217,0.5166666666666667,0.43333333333333335
2022-10-31,AI & Big Tech,2,0.22615000000000002,0.0337289934625983,1.0,0.0
2022-10-31,AI Regulation,19,-0.10513157894736842,0.5722636669428909,0.3157894736842105,0.5263157894736842
2022-10-31,AI Safety,1,0.3818,0.0,1.0,0.0
2022-10-31,AI in Healthcare,1,0.8074,0.0,1.0,0.0
2022-10-31,Other,50,0.10076399999999999,0.6308591711147518,0.56,0.4
2022-11-07,AI & Big Tech,1,0.1027,0.0,1.0,0.0
2022-11-07,AI & Jobs,1,0.5267,0.0,1.0,0.0
2022-11-07,AI Regulation,23,-0.26954782608695654,0.4773404863212662,0.2608695652173913,0.6521739130434783
2022-11-07,AI in Healthcare,1,0.0,0.0,0.0,0.0
2022-11-07,Generative AI,1,0.1027,0.0,1.0,0.0
2022-11-07,Other,58,0.02825344827586207,0.6369520010601799,0.5172413793103449,0.46551724137931033
2022-11-14,AI & Big Tech,2,-0.1785,1.1001167301700308,0.5,0.5
2022-11-14,AI & Jobs,3,-0.16963333333333339,0.859606609637998,0.3333333333333333,0.6666666666666666
2022-11-14,AI Regulation,14,-0.1442285714285714,0.5429204636870025,0.2857142857142857,0.5
2022-11-14,AI Safety,1,-0.5267,0.0,0.0,1.0
2022-11-14,AI in Healthcare,1,0.7624,0.0,1.0,0.0
2022-11-14,Other,74,-0.08684324324324325,0.6004364643269485,0.43243243243243246,0.5135135135135135
2022-11-21,AI & Big Tech,4,-0.614175,0.22825547638556232,0.0,1.0
2022-11-21,AI & Jobs,1,0.4767,0.0,1.0,0.0
2022-11-21,AI Regulation,18,-0.10908888888888889,0.5529464380920568,0.3333333333333333,0.4444444444444444
2022-11-21,AI Safety,2,0.49795,0.5827266983758338,1.0,0.0
2022-11-21,AI in Healthcare,1,-0.5574,0.0,0.0,1.0
2022-11-21,Other,56,-0.09153035714285715,0.6358850441906342,0.39285714285714285,0.5357142857142857
2022-11-28,AI & Big Tech,4,-0.068075,0.24684061490497602,0.25,0.5
2022-11-28,AI & Jobs,1,0.7717,0.0,1.0,0.0
2022-11-28,AI Regulation,22,0.02627727272727273,0.657728605872273,0.5,0.45454545454545453
2022-11-28,AI in Healthcare,3,-0.6467666666666666,0.11916057793302841,0.0,1.0
2022-11-28,Generative AI,1,0.25,0.0,1.0,0.0
2022-11-28,Other,78,0.038912820512820516,0.5935462575347433,0.5128205128205128,0.4230769230769231
2022-12-05,AI & Big Tech,6,0.3443833333333333,0.7559119906885104,0.6666666666666666,0.3333333333333333
2022-12-05,AI Regulation,24,-0.2532583333333333,0.6456981923311464,0.2916666666666667,0.625
2022-12-05,AI in Healthcare,2,-0.04514999999999997,1.3053898287484853,0.5,0.5
2022-12-05,Generative AI,7,0.5973428571428572,0.39984724940549843,0.8571428571428571,0.14285714285714285
2022-12-05,Other,70,0.06726428571428571,0.6145580849036947,0.5285714285714286,0.44285714285714284
2022-12-12,AI & Big Tech,4,-0.150175,0.5008891984927072,0.25,0.5
2022-12-12,AI & Jobs,1,-0.4137,0.0,0.0,1.0
2022-12-12,AI Regulation,37,-0.1429162162162162,0.6121706645270643,0.3783783783783784,0.5675675675675675
2022-12-12,AI Safety,1,0.5267,0.0,1.0,0.0
2022-12-12,AI in Healthcare,3,-0.4086,0.08796095724808818,0.0,1.0
2022-12-12,Other,59,-0.02017118644067796,0.6360973784296865,0.423728813559322,0.5084745762711864
2022-12-19,AI Regulation,19,-0.06819473684210527,0.6396485801452789,0.42105263157894735,0.5263157894736842
2022-12-19,AI in Healthcare,2,0.1459,0.4228498551495554,0.5,0.5
2022-12-19,Other,50,0.13625400000000001,0.5327676666393397,0.5,0.36
2022-12-26,AI & Big Tech,1,-0.5719,0.0,0.0,1.0
2022-12-26,AI Regulation,14,-0.00707142857142857,0.8137135589652884,0.5,0.5
2022-12-26,AI in Healthcare,2,0.60145,0.38261547930004086,1.0,0.0
2022-12-26,Generative AI,1,0.7504,0.0,1.0,0.0
2022-12-26,Other,50,0.08665,0.6064539275365357,0.56,0.38
2023-01-02,AI & Big Tech,2,-0.31174999999999997,0.3679076582513606,0.0,1.0
2023-01-02,AI Regulation,8,-0.25029999999999997,0.42213684646433924,0.125,0.5
2023-01-02,AI in Healthcare,1,0.3695,0.0,1.0,0.0
2023-01-02,Generative AI,4,0.08487499999999998,0.8886903374254349,0.5,0.5
2023-01-02,Other,55,0.01098363636363636,0.6155174600416804,0.4909090909090909,0.45454545454545453
2023-01-09,AI & Big Tech,3,-0.2919666666666667,0.5878573324653978,0.3333333333333333,0.6666666666666666
2023-01-09,AI & Jobs,1,-0.9337,0.0,0.0,1.0
2023-01-09,AI Regulation,18,-0.30705,0.5545867398872998,0.2777777777777778,0.6111111111111112
2023-01-09,AI in Healthcare,4,0.09672499999999998,0.6867795297619171,0.75,0.25
2023-01-09,Generative AI,6,0.025416666666666653,0.563515740389447,0.5,0.5
2023-01-09,Other,60,-0.03432833333333333,0.5587411777915487,0.4,0.5333333333333333
2023-01-16,AI & Big Tech,2,-0.60175,0.1525229327019383,0.0,1.0
2023-01-16,AI & Jobs,2,-0.60175,0.1525229327019383,0.0,1.0
2023-01-16,AI Regulation,27,-0.27153333333333335,0.5179543594386848,0.25925925925925924,0.6296296296296297
2023-01-16,AI Safety,1,-0.4939,0.0,0.0,1.0
2023-01-16,Generative AI,6,0.3426833333333333,0.5911886244394987,0.6666666666666666,0.3333333333333333
2023-01-16,Other,67,-0.10355820895522387,0.5748447917400686,0.373134328358209,0.5074626865671642
2023-01-23,AI & Big Tech,4,0.047250000000000014,0.7806692961811679,0.5,0.5
2023-01-23,AI & Jobs,1,0.0516,0.0,1.0,0.0
2023-01-23,AI Regulation,12,-0.34726666666666667,0.47093075795479605,0.16666666666666666,0.6666666666666666
2023-01-23,Generative AI,3,0.17166666666666666,0.9404150697076974,0.6666666666666666,0.3333333333333333
2023-01-23,Other,53,-0.12731320754716982,0.5886829468717355,0.41509433962264153,0.5660377358490566
2023-01-30,AI & Big Tech,7,0.3289714285714286,0.6167282375954738,0.7142857142857143,0.2857142857142857
2023-01-30,AI & Jobs,1,-0.553,0.0,0.0,1.0
2023-01-30,AI Regulation,18,-0.0806388888888889,0.6158236284358284,0.3888888888888889,0.5555555555555556
2023-01-30,Generative AI,6,0.3735166666666667,0.6366401665514568,0.8333333333333334,0.16666666666666666
2023-01-30,Other,60,0.13595666666666667,0.5793490363218061,0.5666666666666667,0.3333333333333333
2023-02-06,AI & Big Tech,11,0.20339090909090907,0.6574532355301712,0.5454545454545454,0.45454545454545453
2023-02-06,AI & Jobs,2,-0.014550000000000007,0.5889492380502754,0.5,0.5
2023-02-06,AI Regulation,30,0.02858999999999999,0.6513584649765072,0.4666666666666667,0.5
2023-02-06,AI in Healthcare,3,-0.09720000000000002,0.559143532556713,0.3333333333333333,0.6666666666666666
2023-02-06,Generative AI,13,0.028553846153846138,0.540534207390221,0.46153846153846156,0.5384615384615384
2023-02-06,Other,65,0.03586000000000001,0.5988589368018983,0.5076923076923077,0.46153846153846156
2023-02-13,AI & Big Tech,3,0.14166666666666664,0.4675827235188799,0.3333333333333333,0.6666666666666666
2023-02-13,AI & Jobs,2,0.28750000000000003,0.31551104576543754,1.0,0.0
2023-02-13,AI Regulation,19,-0.009126315789473672,0.667899401808141,0.47368421052631576,0.47368421052631576
2023-02-13,Other,71,-0.12955211267605635,0.5648544062371054,0.38028169014084506,0.5070422535211268
2023-02-20,AI & Big Tech,6,0.0825,0.6408989311896222,0.5,0.5
2023-02-20,AI & Jobs,1,0.6369,0.0,1.0,0.0
2023-02-20,AI Regulation,15,-0.06609333333333334,0.5664358852467224,0.4666666666666667,0.5333333333333333
2023-02-20,Generative AI,6,0.4474833333333333,0.47488207974892743,0.8333333333333334,0.16666666666666666
2023-02-20,Other,66,-0.07306818181818181,0.592339196785888,0.3787878787878788,0.5151515151515151
2023-02-27,AI & Big Tech,6,0.08170000000000001,0.7139395296521968,0.5,0.5
2023-02-27,AI & Jobs,1,0.7351,0.0,1.0,0.0
2023-02-27,AI Regulation,18,0.11746111111111111,0.6037201787923323,0.6666666666666666,0.3333333333333333
2023-02-27,AI in Healthcare,4,-0.08115,0.8763752715969721,0.5,0.5
2023-02-27,Generative AI,9,0.27453333333333335,0.6492112252572347,0.6666666666666666,0.2222222222222222
2023-02-27,Other,72,-0.004384722222222223,0.583978677659112,0.4166666666666667,0.5
2023-03-06,AI & Big Tech,4,0.09960000000000001,0.6444464342881158,0.5,0.25
2023-03-06,AI Regulation,24,-0.15379166666666666,0.5834558415664127,0.4166666666666667,0.5
2023-03-06,AI Safety,1,0.8834,0.0,1.0,0.0
2023-03-06,AI in Healthcare,2,-0.0811,1.1050664776383365,0.5,0.5
2023-03-06,Generative AI,5,0.194,0.7760089078096978,0.6,0.4
2023-03-06,Other,65,0.003290769230769239,0.635904753020027,0.49230769230769234,0.46153846153846156
2023-03-13,AI & Big Tech,6,0.28668333333333335,0.5624286422886611,0.6666666666666666,0.3333333333333333
2023-03-13,AI & Jobs,2,0.041649999999999965,0.9038945983907637,0.5,0.5
2023-03-13,AI Regulation,35,-0.25653714285714285,0.5918269948347457,0.2571428571428571,0.6571428571428571
2023-03-13,AI Safety,1,-0.0772,0.0,0.0,1.0
2023-03-13,AI in Healthcare,1,-0.0772,0.0,0.0,1.0
2023-03-13,Generative AI,6,0.01968333333333333,0.5552322664134953,0.5,0.5
2023-03-13,Other,65,0.08774615384615385,0.5990744246535972,0.5230769230769231,0.4307692307692308
2023-03-20,AI & Big Tech,6,0.27973333333333333,0.5516280691432105,0.6666666666666666,0.3333333333333333
2023-03-20,AI & Jobs,1,-0.8948,0.0,0.0,1.0
2023-03-20,AI Regulation,38,-0.06369473684210526,0.5603821393778647,0.39473684210526316,0.5526315789473685
2023-03-20,AI Safety,2,-0.012749999999999997,0.1272085099354599,0.5,0.5
2023-03-20,AI in Healthcare,3,-0.7686333333333333,0.21002848219547118,0.0,1.0
2023-03-20,Generative AI,8,0.36617500000000003,0.5170054206679074,0.75,0.25
2023-03-20,Other,57,0.14162280701754384,0.575562728062578,0.5614035087719298,0.3508771929824561
2023-03-27,AI & Big Tech,3,-0.03773333333333332,0.6318465346374335,0.6666666666666666,0.3333333333333333
2023-03-27,AI Regulation,24,-0.24455833333333335,0.5357600281409796,0.375,0.5833333333333334
2023-03-27,AI Safety,1,-0.9169,0.0,0.0,1.0
2023-03-27,Generative AI,7,-0.29995714285714287,0.54015016077983,0.42857142857142855,0.5714285714285714
2023-03-27,Other,72,0.09034583333333333,0.5531045730373134,0.5416666666666666,0.375
2023-04-03,AI & Big Tech,3,-0.26103333333333334,0.6460190115881523,0.3333333333333333,0.6666666666666666
2023-04-03,AI & Jobs,2,-0.7647999999999999,0.1333603389317829,0.0,1.0
2023-04-03,AI Regulation,20,0.05677000000000001,0.5571541278771309,0.45,0.45
2023-04-03,AI Safety,2,0.6212500000000001,0.2557605227551743,1.0,0.0
2023-04-03,Generative AI,8,0.016362500000000016,0.6101464319266786,0.375,0.625
2023-04-03,Other,86,0.11906395348837209,0.5685543657408758,0.5581395348837209,0.38372093023255816
2023-04-10,AI & Big Tech,1,0.3182,0.0,1.0,0.0
2023-04-10,AI Regulation,20,0.18144,0.5407210453108935,0.65,0.35
2023-04-10,AI in Healthcare,2,-0.30515000000000003,0.01845548698896888,0.0,1.0
2023-04-10,Generative AI,4,0.47335,0.4060166950590414,0.75,0.0
2023-04-10,Other,81,0.006923456790123456,0.6144818940114519,0.5061728395061729,0.41975308641975306
2023-04-17,AI & Big Tech,3,0.2967,0.2865555618025935,0.6666666666666666,0.0
2023-04-17,AI & Jobs,2,0.39875000000000005,0.1581797869514307,1.0,0.0
2023-04-17,AI Regulation,26,-0.10674230769230768,0.6040578410537037,0.38461538461538464,0.6153846153846154
2023-04-17,AI Safety,2,-0.33249999999999996,0.50671271939828,0.0,0.5
2023-04-17,AI in Healthcare,4,-0.161675,0.6775011063951606,0.25,0.75
2023-04-17,Generative AI,6,0.016500000000000015,0.616269561149989,0.5,0.5
2023-04-17,Other,73,0.1749027397260274,0.5870012715234673,0.589041095890411,0.3287671232876712
2023-04-24,AI & Big Tech,5,0.038180000000000006,0.5997826081173078,0.6,0.4
2023-04-24,AI & Jobs,1,0.6369,0.0,1.0,0.0
2023-04-24,AI Regulation,31,-0.1309032258064516,0.6271957283463544,0.3548387096774194,0.45161290322580644
2023-04-24,AI Safety,1,0.2732,0.0,1.0,0.0
2023-04-24,AI in Healthcare,3,-0.05186666666666665,0.8583181946885045,0.3333333333333333,0.6666666666666666
2023-04-24,Generative AI,4,0.507725,0.3865615119227469,0.75,0.0
2023-04-24,Other,74,0.056898648648648645,0.5826171048124716,0.5135135135135135,0.3783783783783784
2023-05-01,AI & Big Tech,4,-0.15935,0.6030706840827201,0.5,0.5
2023-05-01,AI Regulation,24,0.16914166666666666,0.6505430607120329,0.625,0.3333333333333333
2023-05-01,AI Safety,1,-0.743,0.0,0.0,1.0
2023-05-01,AI in Healthcare,2,0.25749999999999995,0.83523452993755,0.5,0.5
2023-05-01,Generative AI,14,-0.005721428571428576,0.4821489415244908,0.35714285714285715,0.35714285714285715
2023-05-01,Other,101,-0.0454019801980198,0.5914965423365038,0.44554455445544555,0.4752475247524752
2023-05-08,AI & Big Tech,2,-0.26235,0.848740269458213,0.5,0.5
2023-05-08,AI Regulation,36,-0.1185,0.6400314041402299,0.4444444444444444,0.5555555555555556
2023-05-08,AI in Healthcare,5,0.26693999999999996,0.6668373699786178,0.8,0.2
2023-05-08,Generative AI,2,0.2658,0.4123846747879945,0.5,0.0
2023-05-08,Other,94,-0.0804404255319149,0.6014814957636299,0.425531914893617,0.5212765957446809
2023-05-15,AI & Big Tech,7,-0.25292857142857145,0.6386197661474985,0.42857142857142855,0.5714285714285714
2023-05-15,AI & Jobs,5,-0.014680000000000018,0.5885692032378181,0.4,0.4
2023-05-15,AI Regulation,27,-0.0804962962962963,0.6043258510245314,0.4074074074074074,0.5555555555555556
2023-05-15,AI Safety,1,-0.6369,0.0,0.0,1.0
2023-05-15,AI in Healthcare,1,0.6808,0.0,1.0,0.0
2023-05-15,Generative AI,6,0.17516666666666666,0.597463584385414,0.5,0.5
2023-05-15,Other,93,0.048205376344086025,0.5905670770291725,0.5268817204301075,0.3978494623655914
2023-05-22,AI & Big Tech,10,-0.0605,0.6608805388772366,0.3,0.6
2023-05-22,AI & Jobs,4,0.010399999999999993,1.0003882079806152,0.5,0.5
2023-05-22,AI Regulation,25,-0.165688,0.5260970405733147,0.32,0.6
2023-05-22,AI Safety,2,-0.29195,0.28560042892124654,0.0,1.0
2023-05-22,Generative AI,8,-0.009400000000000006,0.8316803369427119,0.5,0.5
2023-05-22,Other,86,-0.029462790697674417,0.5776233063259688,0.4418604651162791,0.46511627906976744
2023-05-29,AI & Big Tech,5,0.5217400000000001,0.3131066639341935,0.8,0.0
2023-05-29,AI & Jobs,1,-0.431,0.0,0.0,1.0
2023-05-29,AI Regulation,32,-0.179075,0.6100717789603703,0.3125,0.625
2023-05-29,AI Safety,3,-0.7859333333333334,0.07883757564342865,0.0,1.0
2023-05-29,AI in Healthcare,3,-0.13866666666666666,0.391570866297958,0.3333333333333333,0.6666666666666666
2023-05-29,Generative AI,6,-0.25535,0.6255618426662547,0.16666666666666666,0.5
2023-05-29,Other,91,0.050140659340659345,0.6285445911836545,0.5494505494505495,0.42857142857142855
2023-06-05,AI & Big Tech,5,0.08280000000000001,0.6720384959211786,0.4,0.6
2023-06-05,AI & Jobs,1,-0.2846,0.0,0.0,1.0
2023-06-05,AI Regulation,27,0.09852592592592592,0.5770925339696684,0.5185185185185185,0.4444444444444444
2023-06-05,AI Safety,2,0.3367,0.5853429934662241,0.5,0.5
2023-06-05,AI in Healthcare,3,0.2661,0.23919621652526196,1.0,0.0
2023-06-05,Generative AI,7,0.28638571428571424,0.5289344900475906,0.5714285714285714,0.2857142857142857
2023-06-05,Other,104,-0.06297788461538462,0.6006639680519135,0.4230769230769231,0.5192307692307693
2023-06-12,AI & Big Tech,3,0.3112,0.7455875267197003,0.6666666666666666,0.3333333333333333
2023-06-12,AI & Jobs,2,0.4031,0.6430429068110464,0.5,0.5
2023-06-12,AI Regulation,20,0.09452500000000001,0.5968233599871203,0.55,0.35
2023-06-12,AI Safety,2,-0.11205000000000001,0.6084653852110241,0.5,0.5
2023-06-12,AI in Healthcare,3,0.2008,0.6019514016928609,0.6666666666666666,0.3333333333333333
2023-06-12,Generative AI,4,-0.10332499999999997,0.6854507099954987,0.5,0.5
2023-06-12,Other,77,0.014157142857142861,0.5778244430230407,0.45454545454545453,0.4675324675324675
2023-06-19,AI & Big Tech,1,0.6124,0.0,1.0,0.0
2023-06-19,AI & Jobs,1,0.5574,0.0,1.0,0.0
2023-06-19,AI Regulation,20,0.20532500000000004,0.6094447929533033,0.7,0.3
2023-06-19,AI in Healthcare,1,0.5789,0.0,1.0,0.0
2023-06-19,Generative AI,4,-0.01092499999999999,0.78434511271081,0.5,0.5
2023-06-19,Other,92,0.08736739130434783,0.5983715120203464,0.4891304347826087,0.3695652173913043
2023-06-26,AI & Big Tech,2,0.67865,0.11207642481806773,1.0,0.0
2023-06-26,AI Regulation,25,-0.068784,0.6025781551522315,0.4,0.56
2023-06-26,AI Safety,2,0.11645,0.8388407745216013,0.5,0.5
2023-06-26,AI in Healthcare,1,0.0,0.0,0.0,0.0
2023-06-26,Generative AI,4,0.06392500000000001,0.7153297718535138,0.5,0.5
2023-06-26,Other,81,0.13717654320987654,0.5799658195255141,0.5925925925925926,0.345679012345679
2023-07-03,AI & Big Tech,4,-0.2039,0.5425788483406505,0.5,0.5
2023-07-03,AI & Jobs,2,0.22950000000000004,0.39753543238307704,0.5,0.5
2023-07-03,AI Regulation,22,-0.06436818181818182,0.6239382252590348,0.45454545454545453,0.5
2023-07-03,AI Safety,1,0.743,0.0,1.0,0.0
2023-07-03,AI in Healthcare,5,0.16268,0.6613160794960303,0.6,0.4
2023-07-03,Generative AI,13,0.18507692307692308,0.5039786224861893,0.5384615384615384,0.3076923076923077
2023-07-03,Other,96,0.08244687499999999,0.5877108864870507,0.5,0.3958333333333333
2023-07-10,AI & Big Tech,6,0.03975000000000001,0.5683585620011368,0.5,0.3333333333333333
2023-07-10,AI & Jobs,1,-0.2263,0.0,0.0,1.0
2023-07-10,AI Regulation,24,-0.0951375,0.5627480761657572,0.3333333333333333,0.5416666666666666
2023-07-10,AI Safety,3,-0.23163333333333333,0.6177866325304663,0.3333333333333333,0.6666666666666666
2023-07-10,AI in Healthcare,5,-0.0007600000000000023,0.6291816931538933,0.2,0.4
2023-07-10,Generative AI,7,0.3983,0.5407831697331812,0.8571428571428571,0.14285714285714285
2023-07-10,Other,87,0.055187356321839076,0.5926552476041169,0.5057471264367817,0.3793103448275862
2023-07-17,AI & Big Tech,7,0.26918571428571425,0.5601554945684618,0.7142857142857143,0.2857142857142857
2023-07-17,AI & Jobs,1,0.7579,0.0,1.0,0.0
2023-07-17,AI Regulation,20,-0.15678,0.511115264165685,0.4,0.55
2023-07-17,AI Safety,1,0.5994,0.0,1.0,0.0
2023-07-17,AI in Healthcare,2,0.18845,0.8893281986983208,0.5,0.5
2023-07-17,Generative AI,11,0.3935272727272727,0.41795046378945216,0.8181818181818182,0.09090909090909091
2023-07-17,Other,96,0.031373958333333334,0.6347437197292665,0.5,0.4375
2023-07-24,AI & Big Tech,2,0.33094999999999997,0.7880705076324073,0.5,0.5
2023-07-24,AI Regulation,20,0.18009499999999998,0.5446706889923199,0.65,0.25
2023-07-24,AI in Healthcare,2,-0.39640000000000003,0.8176982817641236,0.5,0.5
2023-07-24,Generative AI,5,0.24830000000000002,0.7994635451351112,0.6,0.4
2023-07-24,Other,95,0.12171368421052631,0.6070860126255949,0.5473684210526316,0.37894736842105264
2023-07-31,AI & Big Tech,3,-0.5162,0.3832857028379744,0.0,1.0
2023-07-31,AI & Jobs,2,-0.5842,0.017394826817189075,0.0,1.0
2023-07-31,AI Regulation,19,-0.13642631578947367,0.6171616210452721,0.42105263157894735,0.5263157894736842
2023-07-31,AI Safety,2,-0.2997,0.42383980464321663,0.0,0.5
2023-07-31,Generative AI,6,0.09634999999999999,0.5978275528946454,0.5,0.3333333333333333
2023-07-31,Other,90,0.09996,0.5604942559619074,0.5444444444444444,0.4
2023-08-07,AI & Big Tech,2,-0.36755,0.519794194850231,0.0,0.5
2023-08-07,AI & Jobs,1,0.296,0.0,1.0,0.0
2023-08-07,AI Regulation,24,0.12679166666666666,0.5896228779384377,0.5416666666666666,0.2916666666666667
2023-08-07,AI Safety,1,0.8176,0.0,1.0,0.0
2023-08-07,AI in Healthcare,5,-0.1085,0.5923252484910634,0.2,0.6
2023-08-07,Generative AI,4,0.030099999999999988,0.6652207202625807,0.5,0.5
2023-08-07,Other,113,-0.06736106194690265,0.6076515877060795,0.4247787610619469,0.5221238938053098
2023-08-14,AI & Big Tech,3,0.6527,0.24359694168851959,1.0,0.0
2023-08-14,AI & Jobs,3,0.1991666666666667,0.5994385567623535,0.3333333333333333,0.6666666666666666
2023-08-14,AI Regulation,16,-0.06836249999999999,0.6095489806679472,0.4375,0.5
2023-08-14,AI Safety,2,-0.42405,0.5996972611243109,0.0,0.5
2023-08-14,AI in Healthcare,4,-0.020024999999999987,0.6964407291124398,0.5,0.5
2023-08-14,Generative AI,3,0.538,0.2312041522118494,1.0,0.0
2023-08-14,Other,74,0.025618918918918918,0.5886904027773027,0.5135135135135135,0.44594594594594594
2023-08-21,AI & Big Tech,8,-0.1346,0.649889707126195,0.375,0.625
2023-08-21,AI Regulation,20,-0.11784999999999998,0.5451196831406554,0.45,0.55
2023-08-21,AI Safety,1,0.4635,0.0,1.0,0.0
2023-08-21,AI in Healthcare,1,-0.0516,0.0,0.0,1.0
2023-08-21,Generative AI,8,-0.2309625,0.5708212878638738,0.25,0.75
2023-08-21,Other,77,0.12329480519480521,0.5610108829266439,0.5454545454545454,0.36363636363636365
2023-08-28,AI & Big Tech,4,0.588875,0.3440575085166238,1.0,0.0
2023-08-28,AI & Jobs,2,-0.5525,0.3005203820042827,0.0,1.0
2023-08-28,AI Regulation,24,-0.08695416666666667,0.5587532861330595,0.4166666666666667,0.5416666666666666
2023-08-28,AI Safety,2,-0.2198,0.4560838738653232,0.5,0.5
2023-08-28,AI in Healthcare,3,-0.6534666666666666,0.3514296136260195,0.0,1.0
2023-08-28,Generative AI,5,0.31198,0.4519326078078456,0.8,0.2
2023-08-28,Other,73,-0.05345890410958905,0.5960480030155141,0.4383561643835616,0.547945205479452
2023-09-04,AI & Big Tech,3,-0.20576666666666665,0.6525948538973728,0.3333333333333333,0.6666666666666666
2023-09-04,AI Regulation,24,-0.02167500000000001,0.5854732238707123,0.5416666666666666,0.4166666666666667
2023-09-04,AI Safety,1,0.0,0.0,0.0,0.0
2023-09-04,Generative AI,4,-0.0046499999999999875,0.9712335747216869,0.5,0.5
2023-09-04,Other,115,-0.0720295652173913,0.6090649694515087,0.4434782608695652,0.5217391304347826
2023-09-11,AI & Big Tech,1,0.4767,0.0,1.0,0.0
2023-09-11,AI Regulation,26,-0.11287692307692308,0.6833402234949688,0.4230769230769231,0.5384615384615384
2023-09-11,AI Safety,1,-0.872,0.0,0.0,1.0
2023-09-11,AI in Healthcare,5,0.03695999999999999,0.5580505290742048,0.4,0.6
2023-09-11,Generative AI,1,0.886,0.0,1.0,0.0
2023-09-11,Other,79,-0.12032025316455697,0.5468144386844419,0.379746835443038,0.5189873417721519
2023-09-18,AI & Big Tech,3,0.09316666666666666,0.8823279681237206,0.6666666666666666,0.3333333333333333
2023-09-18,AI Regulation,33,-0.23636060606060605,0.5603864458676006,0.30303030303030304,0.6060606060606061
2023-09-18,AI Safety,2,0.17770000000000002,0.03478965363437812,1.0,0.0
2023-09-18,AI in Healthcare,5,-0.06019999999999999,0.5890402066073249,0.6,0.4
2023-09-18,Generative AI,3,0.1454,0.8692529896411055,0.6666666666666666,0.3333333333333333
2023-09-18,Other,88,0.07799545454545455,0.5878102852735348,0.5227272727272727,0.4090909090909091
2023-09-25,AI & Big Tech,2,0.07470000000000002,0.5171778997598409,0.5,0.5
2023-09-25,AI Regulation,18,0.13995,0.549339351081878,0.5,0.3333333333333333
2023-09-25,AI Safety,2,0.028300000000000047,1.2453564630257474,0.5,0.5
2023-09-25,AI in Healthcare,2,-0.17,0.2404163056034262,0.0,0.5
2023-09-25,Generative AI,3,0.4846,0.11157181543741236,1.0,0.0
2023-09-25,Other,116,0.1207051724137931,0.5489450484646738,0.5775862068965517,0.3706896551724138
2023-10-02,AI & Big Tech,7,0.3025142857142858,0.656718817121837,0.7142857142857143,0.2857142857142857
2023-10-02,AI & Jobs,1,0.8322,0.0,1.0,0.0
2023-10-02,AI Regulation,32,-0.068396875,0.6242522822748854,0.5,0.46875
2023-10-02,AI in Healthcare,2,0.8835999999999999,0.03973940110268395,1.0,0.0
2023-10-02,Generative AI,2,0.57245,0.24119412306273139,1.0,0.0
2023-10-02,Other,84,-0.1387452380952381,0.6045583919309693,0.32142857142857145,0.6071428571428571
2023-10-09,AI & Big Tech,3,-0.09223333333333333,0.8984469507618874,0.3333333333333333,0.6666666666666666
2023-10-09,AI & Jobs,1,0.4588,0.0,1.0,0.0
2023-10-09,AI Regulation,18,0.018966666666666673,0.6768537108433055,0.4444444444444444,0.4444444444444444
2023-10-09,AI Safety,1,0.7184,0.0,1.0,0.0
2023-10-09,AI in Healthcare,3,0.18306666666666668,0.5453533655652392,0.3333333333333333,0.3333333333333333
2023-10-09,Generative AI,2,0.2294,0.324420591208388,0.5,0.0
2023-10-09,Other,73,-0.0042712328767123345,0.6187646991473892,0.5205479452054794,0.4246575342465753
2023-10-16,AI & Big Tech,2,0.24655000000000002,0.13215825740376574,1.0,0.0
2023-10-16,AI & Jobs,1,-0.5279,0.0,0.0,1.0
2023-10-16,AI Regulation,24,-0.16537916666666666,0.5730126047472912,0.375,0.5416666666666666
2023-10-16,AI Safety,2,0.2247,0.1367544514814783,1.0,0.0
2023-10-16,AI in Healthcare,5,-0.10806,0.6521176603957295,0.6,0.4
2023-10-16,Generative AI,5,0.13000000000000003,0.5466934378607448,0.8,0.2
2023-10-16,Other,82,0.012364634146341464,0.6022650194657553,0.5,0.45121951219512196
2023-10-23,AI & Big Tech,5,-0.16397999999999996,0.7525707255799949,0.4,0.6
2023-10-23,AI & Jobs,1,-0.0516,0.0,0.0,1.0
2023-10-23,AI Regulation,16,0.09896250000000001,0.6055981284372226,0.5625,0.375
2023-10-23,AI Safety,9,0.025266666666666673,0.7552043845873777,0.5555555555555556,0.4444444444444444
2023-10-23,AI in Healthcare,1,-0.9674,0.0,0.0,1.0
2023-10-23,Generative AI,4,0.17075,0.5261379825356336,0.5,0.5
2023-10-23,Other,91,0.02923956043956044,0.6431202577847615,0.45054945054945056,0.4725274725274725
2023-10-30,AI & Big Tech,4,-0.286375,0.5993144604462669,0.25,0.5
2023-10-30,AI & Jobs,1,-0.7003,0.0,0.0,1.0
2023-10-30,AI Regulation,39,-0.3532974358974359,0.5631202556840532,0.1794871794871795,0.7435897435897436
2023-10-30,AI Safety,17,0.05356470588235294,0.654351351474474,0.47058823529411764,0.5294117647058824
2023-10-30,AI in Healthcare,5,-0.31546,0.67219523800753,0.2,0.8
2023-10-30,Generative AI,7,0.5693571428571429,0.3090650247501479,0.8571428571428571,0.0
2023-10-30,Other,94,-0.05439042553191489,0.5925089293949249,0.425531914893617,0.48936170212765956
2023-11-06,AI & Big Tech,4,0.18612499999999998,0.623024865073618,0.5,0.25
2023-11-06,AI & Jobs,1,-0.6486,0.0,0.0,1.0
2023-11-06,AI Regulation,34,-0.053991176470588244,0.5837170642802104,0.47058823529411764,0.4411764705882353
2023-11-06,AI Safety,5,-0.13478,0.6817366955064103,0.2,0.6
2023-11-06,AI in Healthcare,3,0.03869999999999998,0.6898986084925813,0.6666666666666666,0.3333333333333333
2023-11-06,Generative AI,3,-0.05853333333333335,0.4723280357265841,0.3333333333333333,0.3333333333333333
2023-11-06,Other,82,0.0027975609756097568,0.6006552977046357,0.4024390243902439,0.47560975609756095
2023-11-13,AI & Big Tech,9,-0.10783333333333334,0.5339229415374469,0.4444444444444444,0.4444444444444444
2023-11-13,AI & Jobs,1,0.69,0.0,1.0,0.0
2023-11-13,AI Regulation,26,-0.03885384615384614,0.591449900654836,0.4230769230769231,0.5384615384615384
2023-11-13,AI Safety,3,-0.17920000000000003,0.5776947031088306,0.3333333333333333,0.6666666666666666
2023-11-13,AI in Healthcare,5,-0.32406,0.7942483194820118,0.4,0.6
2023-11-13,Generative AI,7,-0.0519142857142857,0.647466525334377,0.42857142857142855,0.42857142857142855
2023-11-13,Other,91,-0.010153846153846159,0.6144146781572221,0.4945054945054945,0.4065934065934066
2023-11-20,AI & Big Tech,20,-0.056299999999999996,0.5346552760522675,0.3,0.55
2023-11-20,AI & Jobs,2,0.5292,0.15231080066758235,1.0,0.0
2023-11-20,AI Regulation,16,-0.07718124999999999,0.6157258277499275,0.4375,0.5
2023-11-20,AI Safety,1,-0.957,0.0,0.0,1.0
2023-11-20,AI in Healthcare,3,-0.29560000000000003,0.8276240632074444,0.3333333333333333,0.6666666666666666
2023-11-20,Generative AI,9,0.0021999999999999984,0.5992573987861978,0.3333333333333333,0.5555555555555556
2023-11-20,Other,93,0.056746236559139775,0.5999752039367491,0.5268817204301075,0.3655913978494624
2023-11-27,AI & Big Tech,9,0.1482111111111111,0.43891536041828283,0.5555555555555556,0.3333333333333333
2023-11-27,AI Regulation,23,0.11028260869565218,0.597646447364519,0.4782608695652174,0.391304347826087
2023-11-27,AI in Healthcare,2,0.16390000000000002,0.771736340986998,0.5,0.5
2023-11-27,Generative AI,2,0.5932,0.2705390544819731,1.0,0.0
2023-11-27,Other,84,0.039630952380952385,0.5982956296649596,0.5,0.44047619047619047
2023-12-04,AI & Big Tech,8,0.1279875,0.5778169271058092,0.625,0.25
2023-12-04,AI Regulation,23,-0.3642826086956522,0.5452264580822224,0.17391304347826086,0.6956521739130435
2023-12-04,AI Safety,1,0.6597,0.0,1.0,0.0
2023-12-04,AI in Healthcare,5,-0.1396,0.5246675042348249,0.4,0.4
2023-12-04,Generative AI,5,0.17321999999999999,0.5986448045377158,0.6,0.2
2023-12-04,Other,102,-0.08812352941176471,0.6308274886456552,0.39215686274509803,0.5588235294117647
2023-12-11,AI & Big Tech,6,0.14511666666666667,0.5434383255408719,0.6666666666666666,0.16666666666666666
2023-12-11,AI & Jobs,2,-0.5494,0.15598775592975234,0.0,1.0
2023-12-11,AI Regulation,26,-0.04154615384615385,0.5719685461497123,0.4230769230769231,0.46153846153846156
2023-12-11,AI in Healthcare,1,-0.1779,0.0,0.0,1.0
2023-12-11,Generative AI,2,0.212,0.11879393923933998,1.0,0.0
2023-12-11,Other,80,-0.008046250000000001,0.5906653572790239,0.475,0.475
2023-12-18,AI & Big Tech,1,0.8176,0.0,1.0,0.0
2023-12-18,AI Regulation,12,-0.07740833333333332,0.5336682804520109,0.3333333333333333,0.5
2023-12-18,AI in Healthcare,1,-0.7506,0.0,0.0,1.0
2023-12-18,Generative AI,1,0.4767,0.0,1.0,0.0
2023-12-18,Other,62,-0.005256451612903234,0.593255529668527,0.4838709677419355,0.43548387096774194
2023-12-25,AI & Big Tech,5,-0.015559999999999996,0.5866901422386437,0.6,0.4
2023-12-25,AI Regulation,20,-0.20926,0.5411166042253934,0.3,0.65
2023-12-25,AI Safety,3,-0.27943333333333337,0.3249402457888732,0.0,0.6666666666666666
2023-12-25,AI in Healthcare,2,-0.044999999999999984,0.9643522281822136,0.5,0.5
2023-12-25,Generative AI,4,-0.054925000000000015,0.6997106991464401,0.5,0.5
2023-12-25,Other,63,0.04744126984126985,0.588639947082754,0.5238095238095238,0.42857142857142855
2024-01-01,AI Regulation,7,-0.35307142857142854,0.6138988399681871,0.2857142857142857,0.7142857142857143
2024-01-01,AI Safety,1,-0.128,0.0,0.0,1.0
2024-01-01,AI in Healthcare,5,-0.43035999999999996,0.6225897268667384,0.4,0.6
2024-01-01,Generative AI,1,-0.1779,0.0,0.0,1.0
2024-01-01,Other,56,0.049366071428571426,0.6181730032271153,0.5357142857142857,0.39285714285714285
2024-01-08,AI & Big Tech,6,0.26235,0.5979065738056406,0.5,0.3333333333333333
2024-01-08,AI & Jobs,1,-0.9509,0.0,0.0,1.0
2024-01-08,AI Regulation,15,-0.08773999999999998,0.622906969435588,0.4,0.4
2024-01-08,AI Safety,1,-0.7351,0.0,0.0,1.0
2024-01-08,Generative AI,8,0.2766125,0.6224563196091984,0.625,0.25
2024-01-08,Other,71,0.048798591549295785,0.5920597133236183,0.5352112676056338,0.43661971830985913
2024-01-15,AI & Jobs,2,0.021600000000000008,1.0045158933536094,0.5,0.5
2024-01-15,AI Regulation,21,-0.2820714285714286,0.5984000820043871,0.23809523809523808,0.6666666666666666
2024-01-15,AI Safety,1,-0.802,0.0,0.0,1.0
2024-01-15,AI in Healthcare,2,-0.125,0.1767766952966369,0.0,0.5
2024-01-15,Generative AI,3,0.6692,0.12151596602916016,1.0,0.0
2024-01-15,Other,85,0.015549411764705886,0.6499570014392397,0.5294117647058824,0.43529411764705883
2024-01-22,AI & Big Tech,7,0.04131428571428571,0.644366917805302,0.5714285714285714,0.42857142857142855
2024-01-22,AI Regulation,13,0.20373846153846153,0.462080996757173,0.6153846153846154,0.23076923076923078
2024-01-22,AI Safety,2,0.48619999999999997,0.23758787847867996,1.0,0.0
2024-01-22,AI in Healthcare,3,-0.23173333333333335,0.8404707153335762,0.3333333333333333,0.6666666666666666
2024-01-22,Generative AI,5,0.012960000000000017,0.6517865241012581,0.4,0.4
2024-01-22,Other,81,-0.0018864197530864193,0.6332854646115538,0.48148148148148145,0.48148148148148145
2024-01-29,AI & Big Tech,3,-0.42693333333333333,0.6083995589522837,0.3333333333333333,0.6666666666666666
2024-01-29,AI & Jobs,2,-0.8283,0.15542207050480314,0.0,1.0
2024-01-29,AI Regulation,24,-0.024191666666666656,0.6862681228567122,0.4583333333333333,0.4583333333333333
2024-01-29,AI Safety,4,0.10520000000000002,0.4587813131910816,0.5,0.5
2024-01-29,AI in Healthcare,6,-0.5255,0.28439649786873256,0.0,1.0
2024-01-29,Generative AI,2,0.70175,0.16383664120092306,1.0,0.0
2024-01-29,Other,104,0.08212884615384615,0.5441835915348268,0.5096153846153846,0.41346153846153844
2024-02-05,AI & Big Tech,4,-0.5929,0.315193601880918,0.0,1.0
2024-02-05,AI & Jobs,2,0.02705000000000002,0.47255946186696973,0.5,0.5
2024-02-05,AI Regulation,22,-0.1408681818181818,0.664778723218603,0.36363636363636365,0.5909090909090909
2024-02-05,AI Safety,4,0.03497499999999998,0.9356529106280099,0.5,0.5
2024-02-05,AI in Healthcare,2,-0.20224999999999999,1.052952707864888,0.5,0.5
2024-02-05,Generative AI,3,0.715,0.22245185996075642,1.0,0.0
2024-02-05,Other,85,0.019555294117647056,0.5960775623679718,0.4588235294117647,0.43529411764705883
2024-02-12,AI & Big Tech,7,0.32162857142857143,0.47024767131901074,0.7142857142857143,0.2857142857142857
2024-02-12,AI & Jobs,1,0.2023,0.0,1.0,0.0
2024-02-12,AI Regulation,20,0.06936999999999999,0.651689433702895,0.55,0.35
2024-02-12,AI Safety,1,-0.25,0.0,0.0,1.0
2024-02-12,AI in Healthcare,2,-0.38070000000000004,0.7899796959416109,0.5,0.5
2024-02-12,Generative AI,5,0.09964000000000002,0.4400765933334787,0.6,0.4
2024-02-12,Other,89,-0.006975280898876401,0.6329482163726312,0.4606741573033708,0.43820224719101125
2024-02-19,AI & Big Tech,10,0.4285,0.44321669894332977,0.7,0.1
2024-02-19,AI & Jobs,1,0.4215,0.0,1.0,0.0
2024-02-19,AI Regulation,22,0.21699090909090907,0.6125992863427981,0.6818181818181818,0.3181818181818182
2024-02-19,AI Safety,4,0.049075,0.3970741188157865,0.25,0.5
2024-02-19,AI in Healthcare,1,-0.875,0.0,0.0,1.0
2024-02-19,Generative AI,3,-0.4091,0.42883447855786966,0.0,0.6666666666666666
2024-02-19,Other,92,-0.012009782608695655,0.6434583313540694,0.4891304347826087,0.4782608695652174
2024-02-26,AI & Big Tech,6,0.2463,0.636613116421583,0.6666666666666666,0.3333333333333333
2024-02-26,AI & Jobs,2,0.1806,0.25540696936458096,0.5,0.0
2024-02-26,AI Regulation,18,-0.041105555555555555,0.6023475540331124,0.5,0.4444444444444444
2024-02-26,AI Safety,8,0.02023749999999999,0.566675026391418,0.5,0.5
2024-02-26,AI in Healthcare,3,-0.5709666666666666,0.4969680707382853,0.0,0.6666666666666666
2024-02-26,Generative AI,9,-0.06746666666666667,0.4810571925457512,0.3333333333333333,0.5555555555555556
2024-02-26,Other,90,0.11063777777777778,0.6293660142596823,0.5555555555555556,0.3888888888888889
2024-03-04,AI & Big Tech,7,-0.09770000000000001,0.4865720261859149,0.2857142857142857,0.7142857142857143
2024-03-04,AI & Jobs,2,-0.13975,0.0884590583264371,0.0,1.0
2024-03-04,AI Regulation,25,0.07880400000000001,0.5851396389466934,0.48,0.36
2024-03-04,AI in Healthcare,6,-0.09789999999999999,0.8485365283828387,0.5,0.5
2024-03-04,Generative AI,5,-0.0014999999999999903,0.5272122011107103,0.2,0.6
2024-03-04,Other,96,-0.01133020833333333,0.602702224655067,0.46875,0.4791666666666667
2024-03-11,AI & Big Tech,5,0.15055999999999997,0.42951977602899727,0.4,0.4
2024-03-11,AI & Jobs,1,0.6124,0.0,1.0,0.0
2024-03-11,AI Regulation,21,-0.007300000000000005,0.6671108693463179,0.38095238095238093,0.5238095238095238
2024-03-11,AI Safety,5,-0.67806,0.1695666918943694,0.0,1.0
2024-03-11,AI in Healthcare,3,-0.08736666666666666,0.7544860922066976,0.3333333333333333,0.6666666666666666
2024-03-11,Generative AI,2,-0.017949999999999994,0.39322208101783906,0.5,0.5
2024-03-11,Other,89,-0.00882022471910112,0.5989737934735799,0.48314606741573035,0.4157303370786517
2024-03-18,AI & Big Tech,5,0.66978,0.1815378390308753,1.0,0.0
2024-03-18,AI & Jobs,3,-0.6262333333333333,0.25788722987641965,0.0,1.0
2024-03-18,AI Regulation,28,-0.001592857142857142,0.5920359967337894,0.5,0.42857142857142855
2024-03-18,AI Safety,4,0.42010000000000003,0.6693543456197173,0.75,0.25
2024-03-18,AI in Healthcare,6,-0.6069166666666667,0.5488704160971574,0.16666666666666666,0.8333333333333334
2024-03-18,Generative AI,1,0.7579,0.0,1.0,0.0
2024-03-18,Other,73,0.0585917808219178,0.6068490080263937,0.547945205479452,0.3561643835616438
2024-03-25,AI & Big Tech,6,-0.16205,0.6384784874997748,0.3333333333333333,0.5
2024-03-25,AI & Jobs,2,-0.31805,0.4497906235127629,0.0,0.5
2024-03-25,AI Regulation,32,-0.056575,0.617334975728789,0.40625,0.53125
2024-03-25,AI in Healthcare,4,-0.434175,0.2106522944728271,0.0,1.0
2024-03-25,Generative AI,1,-0.765,0.0,0.0,1.0
2024-03-25,Other,88,0.11680795454545455,0.6289157528547614,0.5681818181818182,0.38636363636363635
2024-04-01,AI & Big Tech,5,0.06332,0.3412632151287331,0.6,0.4
2024-04-01,AI & Jobs,4,-0.24762499999999998,0.3347052173181649,0.25,0.75
2024-04-01,AI Regulation,15,-0.09065333333333332,0.5504895806288729,0.4,0.5333333333333333
2024-04-01,AI Safety,3,0.21663333333333332,0.5359165731094098,0.6666666666666666,0.3333333333333333
2024-04-01,AI in Healthcare,4,-0.28665,0.6210819725822564,0.25,0.75
2024-04-01,Generative AI,3,0.5537666666666666,0.21809572057546964,1.0,0.0
2024-04-01,Other,87,-0.03230344827586207,0.6287093713255929,0.45977011494252873,0.4827586206896552
2024-04-08,AI & Big Tech,5,0.11234,0.4334170889570461,0.6,0.4
2024-04-08,AI & Jobs,1,-0.0516,0.0,0.0,1.0
2024-04-08,AI Regulation,17,0.036570588235294126,0.5535247609239196,0.47058823529411764,0.47058823529411764
2024-04-08,AI Safety,3,-0.038466666666666684,0.7482103002053189,0.3333333333333333,0.3333333333333333
2024-04-08,AI in Healthcare,3,-0.42713333333333336,0.6747377663458103,0.3333333333333333,0.6666666666666666
2024-04-08,Generative AI,4,0.3096,0.5528578660017419,0.75,0.25
2024-04-08,Other,89,0.08987977528089887,0.5464920907644781,0.5617977528089888,0.3258426966292135
2024-04-15,AI & Big Tech,4,0.27569999999999995,0.7893191792086814,0.75,0.25
2024-04-15,AI & Jobs,1,0.25,0.0,1.0,0.0
2024-04-15,AI Regulation,19,-0.2623736842105263,0.625017263621223,0.3157894736842105,0.6842105263157895
2024-04-15,AI in Healthcare,4,-0.356575,0.37669391973678934,0.0,1.0
2024-04-15,Generative AI,4,0.084475,0.654934751839194,0.5,0.5
2024-04-15,Other,91,-0.0582032967032967,0.5950987061825309,0.4175824175824176,0.5054945054945055
2024-04-22,AI & Big Tech,3,0.37233333333333335,0.5205352661763979,0.6666666666666666,0.3333333333333333
2024-04-22,AI Regulation,28,-0.169975,0.6712864132478111,0.35714285714285715,0.6071428571428571
2024-04-22,AI Safety,3,-0.0007666666666666539,0.8798355376622005,0.3333333333333333,0.3333333333333333
2024-04-22,AI in Healthcare,2,-0.85535,0.0958129688507772,0.0,1.0
2024-04-22,Generative AI,2,0.25260000000000005,0.914289068074206,0.5,0.5
2024-04-22,Other,91,-0.025241758241758245,0.6168921805786619,0.4175824175824176,0.4945054945054945
2024-04-29,AI & Big Tech,4,0.253675,0.5236584852426882,0.5,0.5
2024-04-29,AI Regulation,24,-0.24056666666666668,0.6398935296401757,0.2916666666666667,0.6666666666666666
2024-04-29,AI Safety,1,-0.9677,0.0,0.0,1.0
2024-04-29,AI in Healthcare,3,-0.35086666666666666,0.6509319652109069,0.3333333333333333,0.6666666666666666
2024-04-29,Generative AI,3,0.4369,0.45814725798590133,0.6666666666666666,0.3333333333333333
2024-04-29,Other,89,-0.055184269662921344,0.6510124562240232,0.449438202247191,0.5280898876404494
2024-05-06,AI & Big Tech,6,0.1401666666666667,0.6374123333186037,0.6666666666666666,0.3333333333333333
2024-05-06,AI Regulation,20,-0.289065,0.6123905137590763,0.3,0.6
2024-05-06,AI Safety,3,-0.34746666666666665,0.5523834929949784,0.3333333333333333,0.6666666666666666
2024-05-06,AI in Healthcare,1,0.1655,0.0,1.0,0.0
2024-05-06,Generative AI,4,0.306475,0.5329155616355497,0.75,0.25
2024-05-06,Other,84,0.08343214285714286,0.6011290830566741,0.5238095238095238,0.4166666666666667
2024-05-13,AI & Big Tech,11,0.3103,0.6649277299075441,0.6363636363636364,0.36363636363636365
2024-05-13,AI & Jobs,1,-0.4019,0.0,0.0,1.0
2024-05-13,AI Regulation,14,0.11573571428571429,0.5015775077878606,0.5,0.35714285714285715
2024-05-13,AI Safety,3,0.17500000000000002,0.9769712431796547,0.6666666666666666,0.3333333333333333
2024-05-13,Generative AI,9,0.30244444444444446,0.5508138299623365,0.6666666666666666,0.3333333333333333
2024-05-13,Other,103,-0.029670873786407773,0.6176392066048784,0.4368932038834951,0.49514563106796117
2024-05-20,AI & Big Tech,6,0.2436666666666667,0.39647169213787087,0.6666666666666666,0.16666666666666666
2024-05-20,AI & Jobs,1,-0.2732,0.0,0.0,1.0
2024-05-20,AI Regulation,26,-0.31979615384615384,0.5144738232258423,0.19230769230769232,0.6538461538461539
2024-05-20,AI Safety,6,0.28426666666666667,0.5307173133285428,0.5,0.5
2024-05-20,AI in Healthcare,3,-0.4725,0.45598757658515215,0.3333333333333333,0.6666666666666666
2024-05-20,Generative AI,4,0.28237500000000004,0.22163502092404078,0.75,0.0
2024-05-20,Other,93,-0.07266129032258065,0.6224460865482138,0.3978494623655914,0.5483870967741935
2024-05-27,AI & Big Tech,4,0.432475,0.3338471943369701,1.0,0.0
2024-05-27,AI & Jobs,3,-0.11333333333333334,0.29957473747519725,0.3333333333333333,0.6666666666666666
2024-05-27,AI Regulation,16,0.06076875000000001,0.5779565551362835,0.5625,0.375
2024-05-27,AI Safety,3,0.1315666666666667,0.4189030476534318,0.6666666666666666,0.3333333333333333
2024-05-27,AI in Healthcare,1,-0.9179,0.0,0.0,1.0
2024-05-27,Generative AI,4,0.18325,0.2643072013144301,0.75,0.25
2024-05-27,Other,78,0.06328846153846154,0.664161427134779,0.5,0.44871794871794873
2024-06-03,AI & Big Tech,5,0.29652,0.6997476416537608,0.6,0.4
2024-06-03,AI & Jobs,2,-0.47365,0.5968688339995648,0.0,1.0
2024-06-03,AI Regulation,14,0.09450714285714286,0.5782968514583089,0.5,0.5
2024-06-03,AI Safety,3,0.2568333333333333,0.6059922139213781,0.6666666666666666,0.3333333333333333
2024-06-03,AI in Healthcare,7,0.012814285714285722,0.4862942573811712,0.42857142857142855,0.42857142857142855
2024-06-03,Other,89,0.07530224719101124,0.6098625273515501,0.5280898876404494,0.3707865168539326
2024-06-10,AI & Big Tech,10,0.29535999999999996,0.5944382898539128,0.7,0.3
2024-06-10,AI & Jobs,2,-0.07655,0.10825804819966044,0.0,0.5
2024-06-10,AI Regulation,28,-0.05701071428571428,0.6116416648473587,0.5357142857142857,0.4642857142857143
2024-06-10,AI Safety,6,-0.45174999999999993,0.4321578403777953,0.16666666666666666,0.8333333333333334
2024-06-10,AI in Healthcare,4,0.42074999999999996,0.31755665636229385,0.75,0.0
2024-06-10,Generative AI,6,0.33571666666666666,0.4511492321468215,0.8333333333333334,0.16666666666666666
2024-06-10,Other,109,-0.005356880733944956,0.641024435220249,0.46788990825688076,0.45871559633027525
2024-06-17,AI & Big Tech,2,0.83445,0.118581807204984,1.0,0.0
2024-06-17,AI & Jobs,3,-0.26116666666666666,0.6819638211322748,0.3333333333333333,0.6666666666666666
2024-06-17,AI Regulation,20,-0.09269999999999998,0.6186342750897249,0.45,0.5
2024-06-17,AI Safety,1,0.7043,0.0,1.0,0.0
2024-06-17,AI in Healthcare,1,0.6908,0.0,1.0,0.0
2024-06-17,Generative AI,4,0.455475,0.5526442820657788,0.75,0.25
2024-06-17,Other,100,0.031072000000000006,0.6640936080238852,0.5,0.46
2024-06-24,AI & Big Tech,6,0.3970833333333334,0.258474891752887,0.8333333333333334,0.16666666666666666
2024-06-24,AI Regulation,21,-0.08755238095238095,0.49300596002385977,0.42857142857142855,0.5238095238095238
2024-06-24,AI Safety,2,-0.08895,0.1257942963730868,0.0,0.5
2024-06-24,AI in Healthcare,3,-0.3342333333333334,0.4964306833117121,0.3333333333333333,0.6666666666666666
2024-06-24,Generative AI,3,0.09633333333333337,0.5857329112601863,0.6666666666666666,0.3333333333333333
2024-06-24,Other,83,0.048208433734939764,0.561741359460032,0.5180722891566265,0.39759036144578314
2024-07-01,AI & Big Tech,6,0.38538333333333336,0.6740447653284362,0.6666666666666666,0.3333333333333333
2024-07-01,AI Regulation,15,0.2712866666666667,0.47110179498500665,0.6666666666666666,0.26666666666666666
2024-07-01,AI Safety,1,-0.3818,0.0,0.0,1.0
2024-07-01,AI in Healthcare,1,-0.5837,0.0,0.0,1.0
2024-07-01,Generative AI,3,0.4599333333333333,0.20798274768194916,1.0,0.0
2024-07-01,Other,87,0.10454827586206897,0.5963846429054863,0.5747126436781609,0.3563218390804598
2024-07-08,AI & Big Tech,8,0.25855,0.6628664097258641,0.75,0.25
2024-07-08,AI & Jobs,1,0.3182,0.0,1.0,0.0
2024-07-08,AI Regulation,13,-0.04143076923076923,0.6905365551325715,0.46153846153846156,0.46153846153846156
2024-07-08,AI Safety,3,-0.13633333333333333,0.8503977677142228,0.3333333333333333,0.6666666666666666
2024-07-08,AI in Healthcare,5,-0.18356,0.6856296726367668,0.4,0.6
2024-07-08,Generative AI,4,0.59055,0.28982042141068437,1.0,0.0
2024-07-08,Other,86,-0.011712790697674417,0.6623401361476747,0.5,0.43023255813953487
2024-07-15,AI & Big Tech,8,-0.041900000000000034,0.5062196728129569,0.5,0.5
2024-07-15,AI & Jobs,2,-0.25295,0.5964445699308528,0.5,0.5
2024-07-15,AI Regulation,12,-0.02879999999999999,0.6155134161450467,0.5833333333333334,0.4166666666666667
2024-07-15,AI Safety,2,-0.5078,0.5016215505737368,0.0,1.0
2024-07-15,AI in Healthcare,1,-0.8655,0.0,0.0,1.0
2024-07-15,Generative AI,2,-0.10235000000000001,0.07177133829043458,0.0,1.0
2024-07-15,Other,97,0.07692680412371133,0.6159089346099699,0.5567010309278351,0.36082474226804123
2024-07-22,AI & Big Tech,8,0.127975,0.41802636195067205,0.625,0.25
2024-07-22,AI & Jobs,2,-0.8039000000000001,0.0687307791313325,0.0,1.0
2024-07-22,AI Regulation,21,-0.1969,0.5805698700414964,0.38095238095238093,0.6190476190476191
2024-07-22,AI Safety,1,-0.8271,0.0,0.0,1.0
2024-07-22,AI in Healthcare,3,-0.41673333333333334,0.4438117769205019,0.0,0.6666666666666666
2024-07-22,Generative AI,5,0.02744000000000002,0.679359759626665,0.4,0.4
2024-07-22,Other,95,0.014579999999999997,0.6161686753727733,0.4631578947368421,0.4421052631578947
2024-07-29,AI & Big Tech,8,0.106325,0.665280337795386,0.5,0.375
2024-07-29,AI & Jobs,3,-0.5768666666666666,0.2047132710239699,0.0,1.0
2024-07-29,AI Regulation,21,-0.046580952380952396,0.6565385065775255,0.5238095238095238,0.47619047619047616
2024-07-29,AI in Healthcare,1,-0.6908,0.0,0.0,1.0
2024-07-29,Generative AI,2,0.4566,0.5365526255643522,1.0,0.0
2024-07-29,Other,89,-0.000686516853932581,0.6307746923770894,0.449438202247191,0.449438202247191
2024-08-05,AI & Big Tech,3,0.07433333333333335,0.5174201806398098,0.3333333333333333,0.3333333333333333
2024-08-05,AI & Jobs,1,-0.8501,0.0,0.0,1.0
2024-08-05,AI Regulation,18,-0.016844444444444447,0.5617039299909875,0.5,0.4444444444444444
2024-08-05,AI in Healthcare,3,-0.028299999999999992,0.27955838388429705,0.3333333333333333,0.3333333333333333
2024-08-05,Generative AI,1,0.6705,0.0,1.0,0.0
2024-08-05,Other,95,-0.08237684210526316,0.6277563095173617,0.4105263157894737,0.5157894736842106
2024-08-12,AI Regulation,17,-0.4232470588235294,0.47841545767989013,0.23529411764705882,0.7647058823529411
2024-08-12,AI Safety,1,0.7884,0.0,1.0,0.0
2024-08-12,AI in Healthcare,1,-0.7783,0.0,0.0,1.0
2024-08-12,Generative AI,2,-0.18185,0.9060159187343233,0.5,0.5
2024-08-12,Other,110,-0.025855454545454543,0.5919007449317064,0.44545454545454544,0.4909090909090909
2024-08-19,AI & Big Tech,4,0.21155,0.5236676458722014,0.5,0.25
2024-08-19,AI & Jobs,1,-0.2023,0.0,0.0,1.0
2024-08-19,AI Regulation,19,-0.1856421052631579,0.5938663198956755,0.3684210526315789,0.5789473684210527
2024-08-19,AI Safety,3,0.11756666666666667,0.80069155942431,0.6666666666666666,0.3333333333333333
2024-08-19,AI in Healthcare,3,-0.5276666666666666,0.4701225939404884,0.0,0.6666666666666666
2024-08-19,Generative AI,7,0.2008285714285714,0.5130932232199971,0.5714285714285714,0.2857142857142857
2024-08-19,Other,72,0.13498194444444445,0.6005642518959322,0.5694444444444444,0.3611111111111111
2024-08-26,AI & Big Tech,4,0.69735,0.2155054446334632,1.0,0.0
2024-08-26,AI Regulation,25,0.11377599999999999,0.644322991131001,0.6,0.36
2024-08-26,AI Safety,1,0.6124,0.0,1.0,0.0
2024-08-26,AI in Healthcare,1,0.9274,0.0,1.0,0.0
2024-08-26,Generative AI,3,0.5492333333333334,0.48679106743379474,0.6666666666666666,0.0
2024-08-26,Other,92,-0.083825,0.6008460806769361,0.41304347826086957,0.5760869565217391
2024-09-02,AI & Big Tech,1,0.6808,0.0,1.0,0.0
2024-09-02,AI & Jobs,1,0.0772,0.0,1.0,0.0
2024-09-02,AI Regulation,19,-0.29243684210526316,0.5957197711923566,0.21052631578947367,0.631578947368421
2024-09-02,AI Safety,4,0.23417499999999997,0.7929235371921642,0.75,0.25
2024-09-02,AI in Healthcare,1,-0.128,0.0,0.0,1.0
2024-09-02,Generative AI,3,-0.04893333333333335,0.8394703171246339,0.3333333333333333,0.3333333333333333
2024-09-02,Other,97,-0.004255670103092786,0.6163638897411902,0.5257731958762887,0.4536082474226804
2024-09-09,AI & Big Tech,5,0.23735999999999996,0.4790103161728356,0.8,0.2
2024-09-09,AI & Jobs,1,0.2129,0.0,1.0,0.0
2024-09-09,AI Regulation,34,-0.1262441176470588,0.607842468223857,0.38235294117647056,0.5588235294117647
2024-09-09,AI Safety,2,-0.11465000000000003,1.1390783138134093,0.5,0.5
2024-09-09,AI in Healthcare,4,-0.2366,0.7775956961472117,0.25,0.75
2024-09-09,Generative AI,5,0.53136,0.20752235542225322,1.0,0.0
2024-09-09,Other,124,0.014087903225806449,0.6085914078611342,0.49193548387096775,0.4112903225806452
2024-09-16,AI & Big Tech,3,0.13983333333333334,0.4864846280545083,0.6666666666666666,0.3333333333333333
2024-09-16,AI & Jobs,1,-0.7003,0.0,0.0,1.0
2024-09-16,AI Regulation,22,-0.1469590909090909,0.6395892220860653,0.4090909090909091,0.5
2024-09-16,AI in Healthcare,5,0.0031799999999999828,0.8912750063813076,0.6,0.4
2024-09-16,Generative AI,4,0.213,0.6392949762563966,0.75,0.25
2024-09-16,Other,81,-0.007127160493827161,0.5982964806457468,0.4567901234567901,0.4567901234567901
2024-09-23,AI & Big Tech,15,-0.03270666666666666,0.5503020202796003,0.4666666666666667,0.4666666666666667
2024-09-23,AI Regulation,20,-0.27131,0.4515127402760402,0.2,0.75
2024-09-23,AI Safety,1,0.2263,0.0,1.0,0.0
2024-09-23,AI in Healthcare,4,0.028500000000000004,0.7656425319081136,0.5,0.25
2024-09-23,Generative AI,6,0.08789999999999999,0.5350993739484283,0.5,0.3333333333333333
2024-09-23,Other,89,0.08834269662921349,0.5852448852030079,0.5393258426966292,0.4044943820224719
2024-09-30,AI & Big Tech,4,-0.09659999999999999,0.7429353852567979,0.25,0.5
2024-09-30,AI & Jobs,1,-0.91,0.0,0.0,1.0
2024-09-30,AI Regulation,21,-0.19797142857142858,0.6706435283687281,0.3333333333333333,0.6666666666666666
2024-09-30,AI Safety,1,-0.8876,0.0,0.0,1.0
2024-09-30,AI in Healthcare,3,0.15116666666666667,0.8750015390462655,0.6666666666666666,0.3333333333333333
2024-09-30,Generative AI,4,0.834325,0.12697431170647602,1.0,0.0
2024-09-30,Other,76,-0.0381328947368421,0.602676772493771,0.42105263157894735,0.5131578947368421
2024-10-07,AI & Big Tech,7,0.40827142857142856,0.5208710387875477,0.7142857142857143,0.14285714285714285
2024-10-07,AI Regulation,19,0.01952105263157893,0.6544208980116589,0.47368421052631576,0.47368421052631576
2024-10-07,AI Safety,1,-0.8555,0.0,0.0,1.0
2024-10-07,AI in Healthcare,2,-0.6879,0.164048773235279,0.0,1.0
2024-10-07,Other,104,0.07879230769230769,0.6060719007446996,0.5096153846153846,0.375
2024-10-14,AI & Big Tech,15,0.3872,0.5096076810365289,0.7333333333333333,0.2
2024-10-14,AI Regulation,26,0.06916538461538461,0.6563155417585707,0.5769230769230769,0.4230769230769231
2024-10-14,AI Safety,1,-0.0772,0.0,0.0,1.0
2024-10-14,AI in Healthcare,2,-0.7783,0.0,0.0,1.0
2024-10-14,Generative AI,1,-0.3182,0.0,0.0,1.0
2024-10-14,Other,93,0.013153763440860215,0.6004088072086601,0.45161290322580644,0.44086021505376344
2024-10-21,AI & Big Tech,5,0.45892,0.25296127569254545,1.0,0.0
2024-10-21,AI Regulation,30,0.034766666666666654,0.5927955048536659,0.43333333333333335,0.43333333333333335
2024-10-21,AI Safety,1,-0.7717,0.0,0.0,1.0
2024-10-21,AI in Healthcare,6,-0.09345000000000002,0.515000764077103,0.3333333333333333,0.6666666666666666
2024-10-21,Generative AI,2,0.37649999999999995,0.21241487706843887,1.0,0.0
2024-10-21,Other,80,0.0621075,0.5957511050627975,0.475,0.4625
2024-10-28,AI & Big Tech,5,0.65118,0.2651985143246469,1.0,0.0
2024-10-28,AI & Jobs,2,0.57485,0.30455089065704605,1.0,0.0
2024-10-28,AI Regulation,20,-0.016475000000000007,0.5625800386331007,0.45,0.5
2024-10-28,AI in Healthcare,3,-0.27580000000000005,0.7121812409773232,0.3333333333333333,0.6666666666666666
2024-10-28,Generative AI,1,-0.6908,0.0,0.0,1.0
2024-10-28,Other,92,0.17337065217391304,0.5992586538250287,0.6195652173913043,0.33695652173913043
2024-11-04,AI & Big Tech,2,0.24080000000000001,0.6629833180405069,0.5,0.5
2024-11-04,AI & Jobs,1,-0.3612,0.0,0.0,1.0
2024-11-04,AI Regulation,22,0.016095454545454548,0.6452981691599723,0.4090909090909091,0.5454545454545454
2024-11-04,AI Safety,1,0.2962,0.0,1.0,0.0
2024-11-04,AI in Healthcare,1,0.2213,0.0,1.0,0.0
2024-11-04,Generative AI,1,0.8689,0.0,1.0,0.0
2024-11-04,Other,83,-0.06170120481927711,0.6013739978103751,0.43373493975903615,0.4939759036144578
2024-11-11,AI & Big Tech,2,-0.3412,0.626920872199993,0.5,0.5
2024-11-11,AI & Jobs,2,0.07455,0.21460690809011718,0.5,0.5
2024-11-11,AI Regulation,25,0.089436,0.6568441633294765,0.52,0.48
2024-11-11,Generative AI,5,0.07458000000000001,0.3885400777268672,0.8,0.2
2024-11-11,Other,105,0.12437714285714285,0.6032581809922398,0.5714285714285714,0.4
2024-11-18,AI & Big Tech,6,0.60395,0.2845582172420961,1.0,0.0
2024-11-18,AI Regulation,17,-0.30561764705882355,0.4605599760553642,0.23529411764705882,0.7058823529411765
2024-11-18,AI in Healthcare,3,0.04990000000000002,0.5263270941154369,0.3333333333333333,0.3333333333333333
2024-11-18,Generative AI,4,0.7520249999999999,0.22144274466928618,1.0,0.0
2024-11-18,Other,117,0.030885470085470084,0.5890168692720622,0.4700854700854701,0.42735042735042733
2024-11-25,AI & Big Tech,3,0.44556666666666667,0.42260776534906846,0.6666666666666666,0.0
2024-11-25,AI Regulation,26,-0.11491923076923077,0.542451914933835,0.34615384615384615,0.5384615384615384
2024-11-25,AI in Healthcare,4,0.517075,0.21202983084148008,1.0,0.0
2024-11-25,Generative AI,2,0.03899999999999998,0.7536344073886223,0.5,0.5
2024-11-25,Other,90,0.08140111111111112,0.6215838684396254,0.5666666666666667,0.36666666666666664
2024-12-02,AI & Big Tech,2,0.63655,0.22606203794533927,1.0,0.0
2024-12-02,AI & Jobs,1,0.0,0.0,0.0,0.0
2024-12-02,AI Regulation,17,0.114,0.5840877481166679,0.5882352941176471,0.35294117647058826
2024-12-02,AI Safety,2,-0.28595,0.4043943681605865,0.0,0.5
2024-12-02,AI in Healthcare,1,0.296,0.0,1.0,0.0
2024-12-02,Generative AI,3,0.06973333333333336,0.3977916581997834,0.6666666666666666,0.3333333333333333
2024-12-02,Other,89,0.08679101123595506,0.6210137031207431,0.550561797752809,0.4157303370786517
2024-12-09,AI & Big Tech,6,0.12161666666666669,0.5427043298764684,0.5,0.3333333333333333
2024-12-09,AI Regulation,17,-0.02677058823529413,0.6766591070885564,0.4117647058823529,0.5882352941176471
2024-12-09,AI Safety,1,0.7568,0.0,1.0,0.0
2024-12-09,AI in Healthcare,3,-0.7396333333333334,0.10329987092602458,0.0,1.0
2024-12-09,Generative AI,3,-0.22766666666666668,0.4329993110079199,0.3333333333333333,0.6666666666666666
2024-12-09,Other,67,-0.09245373134328358,0.6204642439160297,0.3880597014925373,0.5223880597014925
2024-12-16,AI & Big Tech,3,-0.25020000000000003,0.4333591120537331,0.0,0.3333333333333333
2024-12-16,AI Regulation,18,-0.10728333333333334,0.6947533064078975,0.4444444444444444,0.5555555555555556
2024-12-16,AI Safety,2,0.72925,0.14474475810888623,1.0,0.0
2024-12-16,AI in Healthcare,2,0.4395,0.6215468606629753,0.5,0.0
2024-12-16,Other,103,0.059310679611650485,0.5945098564318608,0.49514563106796117,0.4174757281553398
2024-12-23,AI & Big Tech,3,0.1551,0.8436015706481348,0.6666666666666666,0.3333333333333333
2024-12-23,AI & Jobs,1,-0.5106,0.0,0.0,1.0
2024-12-23,AI Regulation,15,0.0070200000000000115,0.5051938145758658,0.6,0.3333333333333333
2024-12-23,AI in Healthcare,4,0.046499999999999986,0.6402716975368087,0.5,0.25
2024-12-23,Generative AI,2,-0.16265000000000002,0.9041774411032384,0.5,0.5
2024-12-23,Other,51,0.10710000000000001,0.5676717717131969,0.5294117647058824,0.35294117647058826
2024-12-30,AI & Jobs,2,-0.20599999999999996,0.8783680435899293,0.5,0.5
2024-12-30,AI Regulation,17,0.1650764705882353,0.5928648460330269,0.6470588235294118,0.35294117647058826
2024-12-30,AI in Healthcare,5,-0.23448000000000002,0.47829912920681755,0.4,0.6
2024-12-30,Other,74,0.21275270270270272,0.5670413203331818,0.5945945945945946,0.3108108108108108
2025-01-06,AI & Big Tech,6,0.1838,0.743238510842919,0.6666666666666666,0.3333333333333333
2025-01-06,AI & Jobs,1,0.7579,0.0,1.0,0.0
2025-01-06,AI Regulation,22,0.02955,0.5648161451810163,0.5,0.4090909090909091
2025-01-06,AI Safety,4,0.5381,0.4186423294412547,0.75,0.0
2025-01-06,AI in Healthcare,3,0.7931333333333334,0.10397583052485491,1.0,0.0
2025-01-06,Generative AI,2,0.0605,0.9862725383989965,0.5,0.5
2025-01-06,Other,101,0.16193267326732674,0.5760878033961334,0.5544554455445545,0.3465346534653465
2025-01-13,AI & Big Tech,6,0.5264333333333333,0.5673896356708207,0.8333333333333334,0.16666666666666666
2025-01-13,AI & Jobs,2,-0.32785,0.4636499164240192,0.0,0.5
2025-01-13,AI Regulation,36,-0.027875,0.6586708080347442,0.5277777777777778,0.4444444444444444
2025-01-13,AI Safety,4,0.7972,0.03963096432504931,1.0,0.0
2025-01-13,AI in Healthcare,3,0.8195333333333333,0.062352652977506334,1.0,0.0
2025-01-13,Generative AI,4,-0.016750000000000043,0.8546127485592525,0.5,0.5
2025-01-13,Other,106,0.13703396226415096,0.5093560064549842,0.6037735849056604,0.330188679245283
2025-01-20,AI & Big Tech,11,0.1559090909090909,0.4679827421060428,0.5454545454545454,0.2727272727272727
2025-01-20,AI & Jobs,2,0.1531,0.8653572788160969,0.5,0.5
2025-01-20,AI Regulation,29,-0.14431379310344825,0.576618043746798,0.3448275862068966,0.5172413793103449
2025-01-20,AI Safety,2,0.0587,0.026162950903902263,0.5,0.0
2025-01-20,AI in Healthcare,4,0.23512500000000003,0.29888834453688556,0.75,0.25
2025-01-20,Generative AI,1,-0.0772,0.0,0.0,1.0
2025-01-20,Other,98,0.07651836734693877,0.5868525882005798,0.5408163265306123,0.40816326530612246
2025-01-27,AI & Big Tech,24,0.09395833333333332,0.5425702935157777,0.5,0.3333333333333333
2025-01-27,AI & Jobs,4,0.70555,0.22396595723457619,1.0,0.0
2025-01-27,AI Regulation,21,0.20526666666666665,0.5274616548464289,0.5714285714285714,0.38095238095238093
2025-01-27,AI Safety,5,0.18401999999999996,0.7182758606552221,0.6,0.4
2025-01-27,AI in Healthcare,2,0.40085,0.35037141007793426,1.0,0.0
2025-01-27,Generative AI,17,0.29867647058823527,0.5072742410784966,0.7058823529411765,0.17647058823529413
2025-01-27,Other,124,0.03321612903225806,0.5957506306199608,0.5161290322580645,0.43548387096774194
2025-02-03,AI & Big Tech,7,0.22492857142857142,0.6177949867992502,0.7142857142857143,0.2857142857142857
2025-02-03,AI & Jobs,5,-0.07754,0.36707731883078804,0.2,0.6
2025-02-03,AI Regulation,22,-0.18690454545454546,0.5040261911914166,0.3181818181818182,0.6363636363636364
2025-02-03,AI in Healthcare,5,-0.02642000000000002,0.6676838675600902,0.4,0.6
2025-02-03,Generative AI,6,0.07100000000000001,0.7790912424100274,0.5,0.5
2025-02-03,Other,98,0.05465612244897959,0.564205250922317,0.46938775510204084,0.3979591836734694
2025-02-10,AI & Big Tech,9,0.0889,0.47634689565483684,0.6666666666666666,0.2222222222222222
2025-02-10,AI & Jobs,2,-0.38544999999999996,0.6542859046319124,0.5,0.5
2025-02-10,AI Regulation,26,-0.06573076923076923,0.5624599283641322,0.4230769230769231,0.5
2025-02-10,AI Safety,4,-0.269575,0.5525979392831645,0.25,0.5
2025-02-10,AI in Healthcare,3,-0.659,0.43923532417145145,0.0,1.0
2025-02-10,Generative AI,6,0.3115,0.17922641546379262,1.0,0.0
2025-02-10,Other,113,0.1441221238938053,0.5714943503242981,0.5929203539823009,0.3805309734513274
2025-02-17,AI & Big Tech,3,0.03336666666666666,0.16527995442077462,0.3333333333333333,0.3333333333333333
2025-02-17,AI & Jobs,2,-0.08895,0.1257942963730868,0.0,0.5
2025-02-17,AI Regulation,24,0.20176666666666668,0.48296322361264615,0.5416666666666666,0.25
2025-02-17,AI in Healthcare,1,0.1796,0.0,1.0,0.0
2025-02-17,Generative AI,2,0.42545,0.3155817564435561,1.0,0.0
2025-02-17,Other,90,0.16621666666666668,0.5686820407107704,0.5777777777777777,0.3
2025-02-24,AI & Big Tech,8,0.3728,0.46252066208672543,0.75,0.25
2025-02-24,AI & Jobs,1,-0.6369,0.0,0.0,1.0
2025-02-24,AI Regulation,25,-0.017004,0.5013316288313223,0.4,0.48
2025-02-24,AI Safety,1,0.0516,0.0,1.0,0.0
2025-02-24,AI in Healthcare,2,-0.4304,0.5176021638285527,0.0,1.0
2025-02-24,Generative AI,5,0.47134,0.4427160015179031,0.6,0.0
2025-02-24,Other,113,0.08321415929203539,0.6167853957743985,0.5132743362831859,0.4247787610619469
2025-03-03,AI & Big Tech,11,0.26188181818181816,0.45399109202314053,0.8181818181818182,0.18181818181818182
2025-03-03,AI & Jobs,2,0.72725,0.12777419536040907,1.0,0.0
2025-03-03,AI Regulation,26,-0.05078461538461539,0.559052965428005,0.38461538461538464,0.5769230769230769
2025-03-03,AI Safety,4,-0.4963,0.3854334962091385,0.0,1.0
2025-03-03,AI in Healthcare,3,0.10823333333333333,0.25723538507237553,0.3333333333333333,0.3333333333333333
2025-03-03,Generative AI,5,0.32226,0.5916206073151948,0.8,0.2
2025-03-03,Other,118,0.10819915254237288,0.5832643647867105,0.5508474576271186,0.3474576271186441
2025-03-10,AI & Big Tech,9,0.25201111111111113,0.6352573975256889,0.6666666666666666,0.3333333333333333
2025-03-10,AI & Jobs,1,0.1861,0.0,1.0,0.0
2025-03-10,AI Regulation,15,-0.13154000000000002,0.5854045094755299,0.4,0.5333333333333333
2025-03-10,AI Safety,2,-0.8458,0.15655344135470164,0.0,1.0
2025-03-10,AI in Healthcare,5,0.2643,0.7875162601495921,0.6,0.4
2025-03-10,Generative AI,6,0.28485,0.4738531280892847,0.6666666666666666,0.16666666666666666
2025-03-10,Other,98,0.008992857142857141,0.6045739660818332,0.47959183673469385,0.42857142857142855
2025-03-17,AI & Big Tech,6,0.06803333333333335,0.518530310268037,0.5,0.3333333333333333
2025-03-17,AI & Jobs,2,-0.37895,0.5359162294612844,0.0,0.5
2025-03-17,AI Regulation,28,-0.17450000000000002,0.5423134586264732,0.25,0.6071428571428571
2025-03-17,AI Safety,1,0.6007,0.0,1.0,0.0
2025-03-17,AI in Healthcare,2,-0.2451,0.8865704822516933,0.5,0.5
2025-03-17,Generative AI,4,-0.40990000000000004,0.687789517221657,0.25,0.75
2025-03-17,Other,84,-0.09819880952380952,0.6036131639430279,0.44047619047619047,0.5119047619047619
2025-03-24,AI & Big Tech,3,0.019166666666666676,0.5257137085271159,0.3333333333333333,0.6666666666666666
2025-03-24,AI & Jobs,2,0.08354999999999996,1.1085313008661506,0.5,0.5
2025-03-24,AI Regulation,21,-0.08895714285714285,0.5880133209132498,0.42857142857142855,0.5714285714285714
2025-03-24,AI in Healthcare,4,0.583025,0.3890736037906795,0.75,0.0
2025-03-24,Generative AI,3,0.2992666666666667,0.47657630378915544,0.6666666666666666,0.3333333333333333
2025-03-24,Other,102,0.039048039215686274,0.5875889325114784,0.4803921568627451,0.46078431372549017
2025-03-31,AI & Big Tech,5,0.08488,0.7843192666255241,0.6,0.4
2025-03-31,AI & Jobs,1,0.6808,0.0,1.0,0.0
2025-03-31,AI Regulation,17,-0.0432764705882353,0.6600702136225848,0.4117647058823529,0.47058823529411764
2025-03-31,AI Safety,1,-0.0258,0.0,0.0,0.0
2025-03-31,AI in Healthcare,2,-0.90245,0.09397449121969217,0.0,1.0
2025-03-31,Generative AI,2,0.07869999999999999,0.939462069484447,0.5,0.5
2025-03-31,Other,101,-0.028802970297029707,0.6132367064120422,0.42574257425742573,0.5148514851485149
2025-04-07,AI & Big Tech,5,-0.495,0.5165591011684917,0.2,0.8
2025-04-07,AI & Jobs,4,0.06890000000000002,0.7217855683419188,0.5,0.5
2025-04-07,AI Regulation,28,0.03406071428571428,0.6572945392762927,0.5714285714285714,0.42857142857142855
2025-04-07,AI Safety,1,0.128,0.0,1.0,0.0
2025-04-07,AI in Healthcare,4,0.00545000000000001,0.9639295496386998,0.5,0.5
2025-04-07,Generative AI,2,0.05349999999999999,1.2906112970216865,0.5,0.5
2025-04-07,Other,101,0.08005544554455445,0.5814022761350779,0.5148514851485149,0.36633663366336633
2025-04-14,AI & Big Tech,7,-0.06334285714285713,0.37218365922011704,0.2857142857142857,0.42857142857142855
2025-04-14,AI & Jobs,2,-0.17074999999999999,0.6914797213223248,0.5,0.5
2025-04-14,AI Regulation,29,-0.054948275862068956,0.5853057440473127,0.3793103448275862,0.4827586206896552
2025-04-14,AI in Healthcare,1,-0.3182,0.0,0.0,1.0
2025-04-14,Generative AI,3,0.0686,0.6571398329122957,0.3333333333333333,0.6666666666666666
2025-04-14,Other,108,0.10042777777777777,0.5932537509809437,0.5,0.4166666666666667
2025-04-21,AI & Big Tech,3,0.1291,0.8995010783762296,0.6666666666666666,0.3333333333333333
2025-04-21,AI & Jobs,3,0.16323333333333334,0.8440022176116205,0.6666666666666666,0.3333333333333333
2025-04-21,AI Regulation,22,0.017095454545454546,0.6254313920557804,0.5,0.36363636363636365
2025-04-21,AI in Healthcare,2,-0.2481,0.9369164850721755,0.5,0.5
2025-04-21,Generative AI,2,0.24535,0.4199507173466906,0.5,0.5
2025-04-21,Other,83,-0.014925301204819276,0.6284867266470745,0.4578313253012048,0.4819277108433735
2025-04-28,AI & Big Tech,4,-0.14189999999999997,0.7578846218257763,0.25,0.5
2025-04-28,AI & Jobs,2,0.5233,0.32145074272740454,1.0,0.0
2025-04-28,AI Regulation,27,-0.06034074074074075,0.6063056612096037,0.4074074074074074,0.5185185185185185
2025-04-28,AI Safety,3,-0.28869999999999996,0.8440671596502258,0.3333333333333333,0.6666666666666666
2025-04-28,AI in Healthcare,2,0.33525,0.4741150967855801,0.5,0.0
2025-04-28,Generative AI,4,-0.06969999999999997,0.850224323340611,0.5,0.5
2025-04-28,Other,95,-0.0012357894736842122,0.5598126761002366,0.4105263157894737,0.5157894736842106
2025-05-05,AI & Big Tech,3,0.03613333333333335,0.7476355685314425,0.6666666666666666,0.3333333333333333
2025-05-05,AI & Jobs,4,0.092075,0.5236853086539663,0.5,0.5
2025-05-05,AI Regulation,24,0.0936625,0.6416807446836986,0.5416666666666666,0.4583333333333333
2025-05-05,AI Safety,1,0.7579,0.0,1.0,0.0
2025-05-05,AI in Healthcare,3,0.3854333333333333,0.8192008809402815,0.6666666666666666,0.3333333333333333
2025-05-05,Generative AI,3,0.6264,0.27493557427150095,1.0,0.0
2025-05-05,Other,84,0.051482142857142865,0.5965332653467302,0.4880952380952381,0.4523809523809524
2025-05-12,AI & Big Tech,6,0.15223333333333333,0.6821285030451862,0.5,0.5
2025-05-12,AI & Jobs,2,0.56465,0.01025304832720491,1.0,0.0
2025-05-12,AI Regulation,26,-0.12243076923076922,0.5250624776304097,0.34615384615384615,0.5384615384615384
2025-05-12,AI in Healthcare,3,0.15663333333333332,0.9038795845317745,0.6666666666666666,0.3333333333333333
2025-05-12,Generative AI,3,0.6181333333333333,0.15167017944649938,1.0,0.0
2025-05-12,Other,105,0.10349714285714286,0.6288354368404929,0.5523809523809524,0.3904761904761905
2025-05-19,AI & Big Tech,6,0.0014500000000000162,0.45329439330307186,0.5,0.5
2025-05-19,AI Regulation,14,0.36014285714285715,0.5054127159130382,0.7857142857142857,0.21428571428571427
2025-05-19,AI Safety,2,-0.7394499999999999,0.24713382002469841,0.0,1.0
2025-05-19,Generative AI,5,0.10806,0.7165875159392605,0.6,0.4
2025-05-19,Other,86,0.11822558139534885,0.5913440543643024,0.5348837209302325,0.37209302325581395
2025-05-26,AI & Big Tech,7,0.17579999999999998,0.664725010812742,0.5714285714285714,0.2857142857142857
2025-05-26,AI & Jobs,3,-0.5686333333333334,0.49430300761105367,0.0,0.6666666666666666
2025-05-26,AI Regulation,16,-0.31041875,0.5268687201681901,0.1875,0.6875
2025-05-26,AI Safety,2,-0.14005,0.9649886242852814,0.5,0.5
2025-05-26,AI in Healthcare,2,0.35745,0.6507503707259797,0.5,0.5
2025-05-26,Generative AI,5,0.22514000000000003,0.3764046333402393,0.4,0.0
2025-05-26,Other,92,0.06937608695652174,0.5868460346912736,0.5108695652173914,0.42391304347826086
2025-06-02,AI & Big Tech,9,0.2131777777777778,0.4962358984842234,0.6666666666666666,0.2222222222222222
2025-06-02,AI Regulation,20,-0.266405,0.4711437689562665,0.35,0.6
2025-06-02,AI in Healthcare,8,-0.35764999999999997,0.765955084472041,0.25,0.75
2025-06-02,Generative AI,5,0.22202000000000002,0.42358098635325925,0.6,0.4
2025-06-02,Other,92,-0.07172282608695651,0.5888337497612204,0.42391304347826086,0.4673913043478261
2025-06-09,AI & Big Tech,8,0.1481125,0.5005211696322144,0.75,0.125
2025-06-09,AI & Jobs,5,0.41064,0.229912446379051,1.0,0.0
2025-06-09,AI Regulation,35,0.01672857142857143,0.6174136060408532,0.4857142857142857,0.45714285714285713
2025-06-09,AI Safety,1,0.3818,0.0,1.0,0.0
2025-06-09,AI in Healthcare,3,-0.5830333333333333,0.29923519735040083,0.0,1.0
2025-06-09,Generative AI,9,0.43694444444444447,0.3306971541724812,0.8888888888888888,0.1111111111111111
2025-06-09,Other,108,0.07451574074074074,0.5855678067414306,0.48148148148148145,0.39814814814814814
2025-06-16,AI & Big Tech,4,0.791725,0.15085114903992833,1.0,0.0
2025-06-16,AI & Jobs,1,0.25,0.0,1.0,0.0
2025-06-16,AI Regulation,16,-0.1443,0.6826393357159156,0.4375,0.5625
2025-06-16,AI Safety,1,0.8625,0.0,1.0,0.0
2025-06-16,AI in Healthcare,2,-0.006350000000000022,1.178676293559856,0.5,0.5
2025-06-16,Generative AI,5,0.38926,0.5228940169862341,0.8,0.2
2025-06-16,Other,88,0.04418636363636364,0.5882445984690418,0.4772727272727273,0.4318181818181818
2025-06-23,AI & Big Tech,6,0.49934999999999996,0.381282193394866,0.8333333333333334,0.16666666666666666
2025-06-23,AI & Jobs,2,-0.33755,0.09100464273870867,0.0,1.0
2025-06-23,AI Regulation,31,6.129032258063841e-05,0.5823902475588107,0.5161290322580645,0.45161290322580644
2025-06-23,AI Safety,1,0.7269,0.0,1.0,0.0
2025-06-23,AI in Healthcare,4,0.2851,0.7506092059121044,0.75,0.25
2025-06-23,Generative AI,3,-0.043766666666666676,0.695975756282741,0.6666666666666666,0.3333333333333333
2025-06-23,Other,125,-0.0369248,0.6001917397470956,0.464,0.464
2025-06-30,AI & Big Tech,6,0.018166666666666664,0.570499271398892,0.3333333333333333,0.6666666666666666
2025-06-30,AI & Jobs,3,0.22916666666666666,0.3332838179890127,0.6666666666666666,0.3333333333333333
2025-06-30,AI Regulation,38,0.09452105263157895,0.5642732260163175,0.5526315789473685,0.42105263157894735
2025-06-30,AI Safety,3,0.3303333333333333,0.775761911499484,0.6666666666666666,0.3333333333333333
2025-06-30,AI in Healthcare,5,0.08360000000000001,0.6190659213686375,0.6,0.4
2025-06-30,Generative AI,5,-0.1849,0.6373760193166982,0.4,0.6
2025-06-30,Other,110,0.1450927272727273,0.5945722406103572,0.5909090909090909,0.37272727272727274
2025-07-07,AI & Big Tech,4,0.414325,0.37384264403623085,0.75,0.0
2025-07-07,AI & Jobs,5,0.28536,0.5414962908460224,0.6,0.4
2025-07-07,AI Regulation,19,-0.0905842105263158,0.6806327768768298,0.3684210526315789,0.47368421052631576
2025-07-07,AI in Healthcare,4,-0.535525,0.37114928151172094,0.0,1.0
2025-07-07,Generative AI,6,-0.13278333333333334,0.659846489470594,0.5,0.5
2025-07-07,Other,114,0.01933421052631579,0.5833565329808993,0.45614035087719296,0.4824561403508772
2025-07-14,AI & Big Tech,4,0.11235,0.5337567079984413,0.75,0.25
2025-07-14,AI & Jobs,3,-0.3897,0.33216807492593264,0.0,1.0
2025-07-14,AI Regulation,39,-0.07891282051282052,0.5665993043354486,0.4358974358974359,0.48717948717948717
2025-07-14,AI Safety,2,0.0539,1.0244563045830701,0.5,0.5
2025-07-14,AI in Healthcare,1,-0.6454,0.0,0.0,1.0
2025-07-14,Generative AI,3,0.13540000000000005,0.9195156333635661,0.6666666666666666,0.3333333333333333
2025-07-14,Other,107,0.06434859813084111,0.62233023226684,0.5420560747663551,0.411214953271028
2025-07-21,AI & Big Tech,11,0.02268181818181819,0.6101496223356724,0.45454545454545453,0.45454545454545453
2025-07-21,AI Regulation,36,0.0037305555555555594,0.6536537238890087,0.5,0.4722222222222222
2025-07-21,AI Safety,1,-0.8225,0.0,0.0,1.0
2025-07-21,AI in Healthcare,2,-0.17039999999999997,0.7218146022352276,0.5,0.5
2025-07-21,Generative AI,3,0.29893333333333333,0.5231580099103266,0.6666666666666666,0.3333333333333333
2025-07-21,Other,110,0.16267818181818183,0.5612163020482721,0.6,0.35454545454545455
2025-07-28,AI & Big Tech,8,0.4551875,0.5087513774990127,0.875,0.125
2025-07-28,AI Regulation,20,-0.29939,0.4063625706707069,0.2,0.75
2025-07-28,AI Safety,2,0.10035,0.9088443458590695,0.5,0.5
2025-07-28,AI in Healthcare,5,0.05720000000000003,0.7137710522289343,0.4,0.4
2025-07-28,Generative AI,4,0.16645,0.775112131673003,0.5,0.5
2025-07-28,Other,100,0.056575999999999994,0.6220505382567034,0.53,0.43
2025-08-04,AI & Big Tech,13,0.30423076923076925,0.5597544363150317,0.6153846153846154,0.3076923076923077
2025-08-04,AI & Jobs,2,0.6798500000000001,0.262973011923277,1.0,0.0
2025-08-04,AI Regulation,27,-0.11095555555555556,0.568304110986453,0.4074074074074074,0.5185185185185185
2025-08-04,AI Safety,4,-0.4799,0.41235711868880515,0.0,1.0
2025-08-04,AI in Healthcare,1,-0.9477,0.0,0.0,1.0
2025-08-04,Generative AI,10,0.27301000000000003,0.5353519184196088,0.6,0.4
2025-08-04,Other,98,-0.017345918367346932,0.6492635496791201,0.46938775510204084,0.4897959183673469
2025-08-11,AI & Big Tech,8,0.49415,0.4572449109300491,0.875,0.125
2025-08-11,AI & Jobs,3,0.17053333333333334,0.6834167859610513,0.6666666666666666,0.3333333333333333
2025-08-11,AI Regulation,26,-0.05091923076923077,0.5494061958290829,0.4230769230769231,0.46153846153846156
2025-08-11,AI Safety,1,0.7184,0.0,1.0,0.0
2025-08-11,AI in Healthcare,1,0.9001,0.0,1.0,0.0
2025-08-11,Generative AI,3,0.3148666666666667,0.6218015465832595,0.6666666666666666,0.3333333333333333
2025-08-11,Other,81,0.03921481481481481,0.5750436479327267,0.5061728395061729,0.43209876543209874
2025-08-18,AI & Big Tech,7,0.233,0.4444433259708149,0.5714285714285714,0.14285714285714285
2025-08-18,AI & Jobs,3,-0.1579,0.2506727548019529,0.3333333333333333,0.6666666666666666
2025-08-18,AI Regulation,32,0.008228125000000003,0.5431514540960869,0.5,0.4375
2025-08-18,AI in Healthcare,1,-0.6908,0.0,0.0,1.0
2025-08-18,Generative AI,7,0.4607428571428572,0.3928124355513832,0.7142857142857143,0.14285714285714285
2025-08-18,Other,115,0.13126695652173914,0.5744594245701763,0.5826086956521739,0.3565217391304348
2025-08-25,AI & Big Tech,5,-0.17631999999999998,0.4526399142806564,0.4,0.6
2025-08-25,AI & Jobs,2,0.25539999999999996,0.8720040825592504,0.5,0.5
2025-08-25,AI Regulation,18,-0.24530555555555555,0.5133958826483335,0.2777777777777778,0.6111111111111112
2025-08-25,AI Safety,1,0.6207,0.0,1.0,0.0
2025-08-25,AI in Healthcare,1,-0.2732,0.0,0.0,1.0
2025-08-25,Generative AI,6,-0.32116666666666666,0.39743778716506895,0.16666666666666666,0.6666666666666666
2025-08-25,Other,83,0.11639397590361446,0.5916791822595799,0.5542168674698795,0.3855421686746988
2025-09-01,AI & Big Tech,3,0.05676666666666665,0.5521384820254185,0.3333333333333333,0.6666666666666666
2025-09-01,AI & Jobs,3,-0.31206666666666666,0.3149445718429409,0.3333333333333333,0.6666666666666666
2025-09-01,AI Regulation,28,-0.07834285714285714,0.6382167351755993,0.42857142857142855,0.5357142857142857
2025-09-01,AI Safety,3,-0.011333333333333357,0.7214171146662195,0.3333333333333333,0.3333333333333333
2025-09-01,AI in Healthcare,2,0.71855,0.31770307678711585,1.0,0.0
2025-09-01,Generative AI,3,-0.5013666666666666,0.3269139693150682,0.0,1.0
2025-09-01,Other,96,-0.012842708333333336,0.6142626881485925,0.4791666666666667,0.4791666666666667
2025-09-08,AI & Big Tech,6,0.25643333333333335,0.7026794907115667,0.6666666666666666,0.3333333333333333
2025-09-08,AI & Jobs,5,0.39728,0.4489996291757934,0.8,0.2
2025-09-08,AI Regulation,17,0.06998823529411764,0.4662778488765482,0.6470588235294118,0.29411764705882354
2025-09-08,AI Safety,3,0.4934,0.43698388986323056,0.6666666666666666,0.0
2025-09-08,Generative AI,5,0.23312,0.7157603313959219,0.6,0.2
2025-09-08,Other,103,0.008453398058252425,0.5776726532194124,0.4854368932038835,0.4174757281553398
2025-09-15,AI & Big Tech,14,0.05364285714285716,0.6063255646347682,0.6428571428571429,0.35714285714285715
2025-09-15,AI & Jobs,4,-0.11132500000000001,0.6541026849814943,0.5,0.5
2025-09-15,AI Regulation,37,-0.08056486486486486,0.5972644594855486,0.43243243243243246,0.5675675675675675
2025-09-15,AI Safety,2,-0.50415,0.32661262223006626,0.0,1.0
2025-09-15,Generative AI,5,-0.23382,0.4317512038199778,0.2,0.6
2025-09-15,Other,101,0.0923108910891089,0.5925497857397283,0.5445544554455446,0.38613861386138615
2025-09-22,AI & Big Tech,5,0.10581999999999998,0.6520799544534397,0.6,0.2
2025-09-22,AI & Jobs,2,-0.517,0.567948166649035,0.0,1.0
2025-09-22,AI Regulation,19,-0.15164210526315788,0.567920377161554,0.47368421052631576,0.5263157894736842
2025-09-22,AI Safety,3,0.5618333333333333,0.27017853973499323,1.0,0.0
2025-09-22,AI in Healthcare,1,-0.8979,0.0,0.0,1.0
2025-09-22,Generative AI,4,0.3608,0.533360184740731,0.5,0.5
2025-09-22,Other,114,-0.08633859649122808,0.6173924181314138,0.37719298245614036,0.543859649122807
2025-09-29,AI & Big Tech,10,0.03562000000000001,0.8128597812661172,0.5,0.5
2025-09-29,AI & Jobs,4,-0.54685,0.15509378882899644,0.0,1.0
2025-09-29,AI Regulation,21,-0.15714285714285717,0.7021103086918953,0.3333333333333333,0.6666666666666666
2025-09-29,AI Safety,3,-0.2992666666666666,0.7112720318790366,0.3333333333333333,0.6666666666666666
2025-09-29,AI in Healthcare,2,-0.85965,0.10627814921233804,0.0,1.0
2025-09-29,Generative AI,6,-0.06983333333333332,0.7184130279071133,0.5,0.5
2025-09-29,Other,96,0.06645520833333333,0.5680224672854136,0.53125,0.4166666666666667
2025-10-06,AI & Big Tech,8,0.3308375,0.4678384365126186,0.75,0.125
2025-10-06,AI & Jobs,2,0.41895000000000004,0.08167083322704621,1.0,0.0
2025-10-06,AI Regulation,29,0.13246896551724138,0.5972911871246293,0.5517241379310345,0.3793103448275862
2025-10-06,AI Safety,3,-0.6125333333333334,0.06273956752587104,0.0,1.0
2025-10-06,AI in Healthcare,2,0.7397,0.279165757212449,1.0,0.0
2025-10-06,Generative AI,6,0.41991666666666666,0.5742391746186136,0.8333333333333334,0.16666666666666666
2025-10-06,Other,105,0.017162857142857146,0.6034772491500887,0.5619047619047619,0.42857142857142855
2025-10-13,AI & Big Tech,9,-0.08847777777777778,0.5400318642862145,0.3333333333333333,0.4444444444444444
2025-10-13,AI & Jobs,1,-0.1935,0.0,0.0,1.0
2025-10-13,AI Regulation,32,-0.253065625,0.5356195421579876,0.28125,0.625
2025-10-13,AI Safety,6,-0.17908333333333334,0.4615170870798465,0.3333333333333333,0.6666666666666666
2025-10-13,AI in Healthcare,2,-0.66355,0.21785959928357532,0.0,1.0
2025-10-13,Generative AI,4,-0.119175,0.23834999999999998,0.0,0.25
2025-10-13,Other,106,0.05142641509433962,0.6008435367685583,0.5188679245283019,0.39622641509433965
2025-10-20,AI & Big Tech,8,0.1254,0.40814929691404417,0.75,0.25
2025-10-20,AI Regulation,17,-0.00897058823529413,0.6359139424528152,0.4117647058823529,0.5294117647058824
2025-10-20,AI Safety,3,-0.17286666666666664,0.4136711898758884,0.3333333333333333,0.6666666666666666
2025-10-20,AI in Healthcare,2,-0.08944999999999997,0.9741810124407065,0.5,0.5
2025-10-20,Generative AI,5,0.08866,0.4718539477423072,0.8,0.2
2025-10-20,Other,109,-0.05520733944954128,0.6037361579896904,0.46788990825688076,0.4954128440366973
2025-10-27,AI & Big Tech,23,0.26266521739130433,0.48646780852917476,0.7391304347826086,0.2608695652173913
2025-10-27,AI & Jobs,3,-0.6232333333333333,0.2770906410063922,0.0,1.0
2025-10-27,AI Regulation,25,0.134544,0.536962444434742,0.64,0.28
2025-10-27,AI in Healthcare,1,-0.3612,0.0,0.0,1.0
2025-10-27,Generative AI,7,0.21459999999999999,0.6489551525336709,0.7142857142857143,0.2857142857142857
2025-10-27,Other,96,0.12222083333333333,0.5786787507884104,0.5520833333333334,0.3541666666666667
2025-11-03,AI & Big Tech,4,0.0267,0.9099179706618248,0.5,0.5
2025-11-03,AI & Jobs,2,-0.029350000000000043,0.9744638551531811,0.5,0.5
2025-11-03,AI Regulation,28,-0.04407142857142858,0.5383183230498633,0.42857142857142855,0.4642857142857143
2025-11-03,AI Safety,3,0.27076666666666666,0.3834942546288449,0.6666666666666666,0.0
2025-11-03,AI in Healthcare,1,-0.7003,0.0,0.0,1.0
2025-11-03,Generative AI,3,0.29433333333333334,0.5221273822864813,0.6666666666666666,0.3333333333333333
2025-11-03,Other,118,0.09154576271186439,0.6025890685866966,0.5338983050847458,0.3983050847457627
2025-11-10,AI & Big Tech,10,0.19397,0.6254165261825292,0.6,0.4
2025-11-10,AI & Jobs,5,-0.25189999999999996,0.6553623844866289,0.2,0.8
2025-11-10,AI Regulation,34,0.02704117647058824,0.6208984497643605,0.5,0.4117647058823529
2025-11-10,AI Safety,3,-0.21129999999999996,0.3885399979410099,0.0,0.3333333333333333
2025-11-10,AI in Healthcare,5,0.21394000000000002,0.666846727516901,0.8,0.2
2025-11-10,Generative AI,8,0.328625,0.4464928210909043,0.875,0.125
2025-11-10,Other,107,0.07178130841121495,0.5968391882479405,0.5327102803738317,0.3925233644859813
2025-11-17,AI & Big Tech,14,0.08676428571428571,0.5597572462954096,0.6428571428571429,0.2857142857142857
2025-11-17,AI & Jobs,3,-0.34623333333333334,0.2502738966279411,0.0,1.0
2025-11-17,AI Regulation,25,0.028439999999999993,0.49747508815350083,0.52,0.44
2025-11-17,AI Safety,3,0.1527666666666667,0.795021108734437,0.6666666666666666,0.3333333333333333
2025-11-17,AI in Healthcare,1,-0.8539,0.0,0.0,1.0
2025-11-17,Generative AI,7,0.2890142857142858,0.532724655047275,0.7142857142857143,0.14285714285714285
2025-11-17,Other,145,0.05031172413793103,0.6200079517303081,0.5310344827586206,0.4206896551724138
2025-11-24,AI & Big Tech,3,0.20296666666666666,0.9812747950158168,0.6666666666666666,0.3333333333333333
2025-11-24,AI & Jobs,2,-0.05115000000000003,1.009536351500034,0.5,0.5
2025-11-24,AI Regulation,26,-0.08930384615384615,0.6559683507491924,0.34615384615384615,0.5769230769230769
2025-11-24,AI Safety,4,-0.074075,0.8550686848629959,0.5,0.5
2025-11-24,AI in Healthcare,2,-0.1583,1.032658743244834,0.5,0.5
2025-11-24,Generative AI,5,-0.07873999999999999,0.8156561119736676,0.4,0.4
2025-11-24,Other,113,0.017717699115044252,0.6328277690016919,0.49557522123893805,0.46017699115044247
2025-12-01,AI & Big Tech,9,0.28663333333333335,0.5875755483339993,0.6666666666666666,0.3333333333333333
2025-12-01,AI & Jobs,2,0.1848,0.7421792775334003,0.5,0.5
2025-12-01,AI Regulation,29,-0.22544482758620688,0.5911645628915178,0.3448275862068966,0.6551724137931034
2025-12-01,AI Safety,7,-0.29722857142857145,0.6195836793479035,0.2857142857142857,0.7142857142857143
2025-12-01,AI in Healthcare,5,-0.65526,0.21413191728464956,0.0,1.0
2025-12-01,Generative AI,9,0.24333333333333332,0.4199619804220377,0.5555555555555556,0.3333333333333333
2025-12-01,Other,119,0.07060000000000001,0.6476449007423952,0.5378151260504201,0.4369747899159664
2025-12-08,AI & Big Tech,8,0.2179875,0.38778358632287235,0.5,0.125
2025-12-08,AI & Jobs,2,0.1242,0.17564532444673842,0.5,0.0
2025-12-08,AI Regulation,38,-0.05068421052631578,0.5456863694449481,0.42105263157894735,0.5263157894736842
2025-12-08,AI Safety,1,0.5106,0.0,1.0,0.0
2025-12-08,AI in Healthcare,2,0.29919999999999997,0.32173358543987907,1.0,0.0
2025-12-08,Generative AI,8,0.205325,0.6172982209365491,0.75,0.25
2025-12-08,Other,103,0.16186213592233012,0.6431919609652279,0.5922330097087378,0.33980582524271846
2025-12-15,AI & Big Tech,11,0.31176363636363635,0.2830046263675817,0.7272727272727273,0.0
2025-12-15,AI & Jobs,2,0.3454,0.488469364443667,0.5,0.0
2025-12-15,AI Regulation,24,-0.148675,0.5880897360171283,0.5,0.4583333333333333
2025-12-15,AI in Healthcare,6,-0.05991666666666668,0.570620116773556,0.5,0.5
2025-12-15,Generative AI,8,0.24830000000000002,0.49111782991166475,0.625,0.125
2025-12-15,Other,107,0.04958785046728972,0.6074260462339832,0.48598130841121495,0.42990654205607476
2025-12-22,AI & Big Tech,4,0.029299999999999993,0.5975504720663073,0.25,0.5
2025-12-22,AI & Jobs,1,0.0,0.0,0.0,0.0
2025-12-22,AI Regulation,12,-0.102725,0.5950590499728119,0.3333333333333333,0.5833333333333334
2025-12-22,AI in Healthcare,1,0.8225,0.0,1.0,0.0
2025-12-22,Generative AI,3,-0.13223333333333334,0.5711483549248245,0.3333333333333333,0.3333333333333333
2025-12-22,Other,87,0.15800919540229885,0.6092467214428651,0.5632183908045977,0.367816091954023
2025-12-29,AI & Big Tech,3,-0.15730000000000002,0.3065780324811287,0.0,0.3333333333333333
2025-12-29,AI Regulation,8,-0.34321250000000003,0.4915555264013561,0.25,0.5
2025-12-29,AI Safety,1,0.4767,0.0,1.0,0.0
2025-12-29,AI in Healthcare,2,0.62605,0.23652721830690016,1.0,0.0
2025-12-29,Generative AI,2,0.030649999999999955,0.7654430906344377,0.5,0.5
2025-12-29,Other,42,0.1765595238095238,0.6522015504949834,0.6428571428571429,0.35714285714285715
