week,count__ai,count__climate_weather,count__commodities_metals,count__cybersecurity,count__defense_security,count__elections_governance,count__energy_markets,count__finance_banking,count__food_water_security,count__geopolitics_conflict,count__labor_social,count__macroeconomy,count__natural_disasters,count__public_health,count__supply_chain,count__technology_policy,count__trade_industry,risk__ai,risk__climate_weather,risk__commodities_metals,risk__cybersecurity,risk__defense_security,risk__elections_governance,risk__energy_markets,risk__finance_banking,risk__food_water_security,risk__geopolitics_conflict,risk__labor_social,risk__macroeconomy,risk__natural_disasters,risk__public_health,risk__supply_chain,risk__technology_policy,risk__trade_industry
2021-10-25,0.0,0.0,0.0,0.0,0.0,0.0,0.0,0.0,0.0,3.0,0.0,0.0,0.0,0.0,0.0,0.0,0.0,0.0,0.0,0.0,0.0,0.0,0.0,0.0,0.0,0.0,0.0232,0.0,0.0,0.0,0.0,0.0,0.0,0.0
2021-11-22,0.0,0.0,0.0,0.0,0.0,0.0,0.0,0.0,0.0,3.0,0.0,0.0,0.0,0.0,0.0,0.0,0.0,0.0,0.0,0.0,0.0,0.0,0.0,0.0,0.0,0.0,0.2556,0.0,0.0,0.0,0.0,0.0,0.0,0.0
2022-01-24,0.0,0.0,0.0,0.0,0.0,0.0,0.0,0.0,0.0,0.0,0.0,3.0,0.0,0.0,0.0,0.0,0.0,0.0,0.0,0.0,0.0,0.0,0.0,0.0,0.0,0.0,0.0,0.0,0.1532,0.0,0.0,0.0,0.0,0.0
2022-01-31,0.0,0.0,0.0,0.0,0.0,0.0,0.0,0.0,0.0,3.0,0.0,0.0,0.0,0.0,0.0,0.0,0.0,0.0,0.0,0.0,0.0,0.0,0.0,0.0,0.0,0.0,0.1672,0.0,0.0,0.0,0.0,0.0,0.0,0.0
2022-02-07,0.0,0.0,0.0,0.0,0.0,0.0,3.0,0.0,0.0,0.0,0.0,0.0,0.0,0.0,0.0,0.0,0.0,0.0,0.0,0.0,0.0,0.0,0.0,0.1264,0.0,0.0,0.0,0.0,0.0,0.0,0.0,0.0,0.0,0.0
2022-02-14,0.0,0.0,0.0,0.0,0.0,0.0,0.0,0.0,0.0,0.0,0.0,3.0,0.0,0.0,0.0,0.0,0.0,0.0,0.0,0.0,0.0,0.0,0.0,0.0,0.0,0.0,0.0,0.0,0.0888,0.0,0.0,0.0,0.0,0.0
2022-02-21,0.0,0.0,0.0,0.0,0.0,0.0,0.0,0.0,0.0,3.0,0.0,0.0,0.0,0.0,0.0,0.0,0.0,0.0,0.0,0.0,0.0,0.0,0.0,0.0,0.0,0.0,0.283,0.0,0.0,0.0,0.0,0.0,0.0,0.0
2022-02-28,0.0,0.0,0.0,0.0,0.0,0.0,0.0,0.0,0.0,9.0,0.0,0.0,0.0,0.0,0.0,0.0,0.0,0.0,0.0,0.0,0.0,0.0,0.0,0.0,0.0,0.0,0.12890000000000001,0.0,0.0,0.0,0.0,0.0,0.0,0.0
2022-03-07,0.0,0.0,0.0,0.0,0.0,0.0,0.0,0.0,0.0,6.0,0.0,0.0,0.0,0.0,0.0,0.0,0.0,0.0,0.0,0.0,0.0,0.0,0.0,0.0,0.0,0.0,0.0555,0.0,0.0,0.0,0.0,0.0,0.0,0.0
2022-03-14,0.0,0.0,0.0,0.0,0.0,0.0,0.0,0.0,0.0,4.0,0.0,0.0,0.0,0.0,0.0,0.0,0.0,0.0,0.0,0.0,0.0,0.0,0.0,0.0,0.0,0.0,0.21747499999999997,0.0,0.0,0.0,0.0,0.0,0.0,0.0
2022-04-04,0.0,0.0,0.0,0.0,0.0,0.0,0.0,0.0,0.0,15.0,0.0,0.0,0.0,0.0,0.0,0.0,0.0,0.0,0.0,0.0,0.0,0.0,0.0,0.0,0.0,0.0,0.21858000000000002,0.0,0.0,0.0,0.0,0.0,0.0,0.0
2022-04-25,0.0,0.0,0.0,0.0,0.0,0.0,3.0,0.0,0.0,6.0,0.0,0.0,0.0,0.0,0.0,0.0,0.0,0.0,0.0,0.0,0.0,0.0,0.0,0.17580000000000004,0.0,0.0,0.18569999999999998,0.0,0.0,0.0,0.0,0.0,0.0,0.0
2022-05-02,0.0,0.0,0.0,0.0,0.0,0.0,0.0,0.0,0.0,5.0,0.0,3.0,0.0,0.0,0.0,0.0,0.0,0.0,0.0,0.0,0.0,0.0,0.0,0.0,0.0,0.0,0.09372,0.0,0.1376,0.0,0.0,0.0,0.0,0.0
2022-05-09,0.0,0.0,0.0,0.0,0.0,0.0,0.0,0.0,0.0,6.0,0.0,0.0,0.0,0.0,0.0,0.0,0.0,0.0,0.0,0.0,0.0,0.0,0.0,0.0,0.0,0.0,0.23244999999999996,0.0,0.0,0.0,0.0,0.0,0.0,0.0
2022-05-16,0.0,0.0,0.0,0.0,0.0,0.0,0.0,0.0,0.0,15.0,0.0,0.0,0.0,0.0,0.0,0.0,0.0,0.0,0.0,0.0,0.0,0.0,0.0,0.0,0.0,0.0,0.17868,0.0,0.0,0.0,0.0,0.0,0.0,0.0
2022-05-23,0.0,0.0,0.0,0.0,0.0,0.0,0.0,0.0,0.0,6.0,0.0,0.0,0.0,0.0,0.0,0.0,0.0,0.0,0.0,0.0,0.0,0.0,0.0,0.0,0.0,0.0,0.1994,0.0,0.0,0.0,0.0,0.0,0.0,0.0
2022-05-30,0.0,0.0,0.0,0.0,0.0,0.0,0.0,0.0,0.0,6.0,0.0,0.0,0.0,0.0,0.0,0.0,0.0,0.0,0.0,0.0,0.0,0.0,0.0,0.0,0.0,0.0,0.1666,0.0,0.0,0.0,0.0,0.0,0.0,0.0
2022-06-06,0.0,0.0,0.0,0.0,0.0,0.0,0.0,0.0,0.0,15.0,0.0,0.0,0.0,0.0,0.0,0.0,0.0,0.0,0.0,0.0,0.0,0.0,0.0,0.0,0.0,0.0,0.1626,0.0,0.0,0.0,0.0,0.0,0.0,0.0
2022-06-13,0.0,0.0,0.0,0.0,0.0,0.0,6.0,0.0,0.0,19.0,0.0,4.0,0.0,0.0,0.0,0.0,0.0,0.0,0.0,0.0,0.0,0.0,0.0,0.22834999999999997,0.0,0.0,0.1531684210526316,0.0,0.2217,0.0,0.0,0.0,0.0,0.0
2022-06-20,0.0,0.0,0.0,0.0,0.0,0.0,0.0,0.0,0.0,3.0,0.0,3.0,0.0,0.0,0.0,0.0,0.0,0.0,0.0,0.0,0.0,0.0,0.0,0.0,0.0,0.0,0.2295,0.0,0.2205,0.0,0.0,0.0,0.0,0.0
2022-06-27,0.0,3.0,0.0,0.0,0.0,0.0,0.0,0.0,0.0,3.0,0.0,3.0,0.0,0.0,0.0,0.0,0.0,0.0,0.0504,0.0,0.0,0.0,0.0,0.0,0.0,0.0,0.2577,0.0,0.2838,0.0,0.0,0.0,0.0,0.0
2022-07-04,0.0,0.0,0.0,0.0,0.0,0.0,0.0,0.0,0.0,9.0,0.0,0.0,0.0,0.0,0.0,0.0,0.0,0.0,0.0,0.0,0.0,0.0,0.0,0.0,0.0,0.0,0.25043333333333334,0.0,0.0,0.0,0.0,0.0,0.0,0.0
2022-07-11,0.0,0.0,0.0,0.0,0.0,0.0,0.0,0.0,0.0,31.0,0.0,0.0,0.0,0.0,0.0,0.0,0.0,0.0,0.0,0.0,0.0,0.0,0.0,0.0,0.0,0.0,0.20516774193548387,0.0,0.0,0.0,0.0,0.0,0.0,0.0
2022-07-18,3.0,0.0,0.0,0.0,0.0,0.0,0.0,0.0,0.0,22.0,0.0,3.0,0.0,0.0,0.0,0.0,0.0,0.2774,0.0,0.0,0.0,0.0,0.0,0.0,0.0,0.0,0.13022727272727275,0.0,0.1371,0.0,0.0,0.0,0.0,0.0
2022-07-25,2.0,0.0,0.0,0.0,0.0,0.0,3.0,0.0,0.0,24.0,0.0,0.0,0.0,0.0,0.0,0.0,0.0,0.1834,0.0,0.0,0.0,0.0,0.0,0.243,0.0,0.0,0.17232499999999998,0.0,0.0,0.0,0.0,0.0,0.0,0.0
2022-08-01,0.0,3.0,0.0,0.0,0.0,0.0,3.0,0.0,0.0,26.0,0.0,2.0,0.0,0.0,0.0,0.0,0.0,0.0,0.0,0.0,0.0,0.0,0.0,0.2221,0.0,0.0,0.1941346153846154,0.0,0.2468,0.0,0.0,0.0,0.0,0.0
2022-08-08,0.0,0.0,0.0,0.0,0.0,0.0,3.0,0.0,0.0,12.0,0.0,0.0,0.0,0.0,0.0,0.0,0.0,0.0,0.0,0.0,0.0,0.0,0.0,0.1052,0.0,0.0,0.17375,0.0,0.0,0.0,0.0,0.0,0.0,0.0
2022-08-15,0.0,0.0,0.0,0.0,0.0,0.0,0.0,0.0,0.0,9.0,0.0,0.0,0.0,0.0,0.0,0.0,0.0,0.0,0.0,0.0,0.0,0.0,0.0,0.0,0.0,0.0,0.2185,0.0,0.0,0.0,0.0,0.0,0.0,0.0
2022-08-22,0.0,0.0,0.0,0.0,0.0,0.0,0.0,0.0,0.0,21.0,0.0,0.0,0.0,0.0,0.0,0.0,0.0,0.0,0.0,0.0,0.0,0.0,0.0,0.0,0.0,0.0,0.12164285714285714,0.0,0.0,0.0,0.0,0.0,0.0,0.0
2022-08-29,0.0,0.0,0.0,0.0,0.0,0.0,0.0,0.0,0.0,6.0,0.0,0.0,0.0,0.0,0.0,0.0,0.0,0.0,0.0,0.0,0.0,0.0,0.0,0.0,0.0,0.0,0.1751,0.0,0.0,0.0,0.0,0.0,0.0,0.0
2022-09-05,0.0,0.0,0.0,0.0,0.0,0.0,3.0,0.0,0.0,21.0,0.0,8.0,0.0,0.0,0.0,0.0,0.0,0.0,0.0,0.0,0.0,0.0,0.0,0.1837,0.0,0.0,0.19528571428571428,0.0,0.15333750000000002,0.0,0.0,0.0,0.0,0.0
2022-09-12,0.0,0.0,0.0,0.0,0.0,0.0,0.0,0.0,0.0,18.0,0.0,3.0,0.0,0.0,0.0,0.0,0.0,0.0,0.0,0.0,0.0,0.0,0.0,0.0,0.0,0.0,0.22023333333333334,0.0,0.1826,0.0,0.0,0.0,0.0,0.0
2022-09-19,6.0,3.0,0.0,0.0,0.0,0.0,3.0,0.0,0.0,31.0,0.0,0.0,0.0,0.0,0.0,0.0,0.0,0.18135,0.1264,0.0,0.0,0.0,0.0,0.0,0.0,0.0,0.16081935483870968,0.0,0.0,0.0,0.0,0.0,0.0,0.0
2022-09-26,3.0,0.0,0.0,3.0,0.0,0.0,0.0,0.0,0.0,18.0,0.0,0.0,0.0,3.0,0.0,0.0,0.0,0.23529999999999998,0.0,0.0,0.1837,0.0,0.0,0.0,0.0,0.0,0.17523333333333332,0.0,0.0,0.0,0.2845,0.0,0.0,0.0
2022-10-03,3.0,0.0,0.0,0.0,0.0,0.0,0.0,0.0,0.0,29.0,0.0,6.0,0.0,3.0,0.0,0.0,0.0,0.23529999999999998,0.0,0.0,0.0,0.0,0.0,0.0,0.0,0.0,0.1937310344827586,0.0,0.2016,0.0,0.0534,0.0,0.0,0.0
2022-10-10,0.0,0.0,0.0,0.0,0.0,0.0,3.0,0.0,0.0,18.0,0.0,2.0,0.0,0.0,0.0,0.0,0.0,0.0,0.0,0.0,0.0,0.0,0.0,0.2672,0.0,0.0,0.20243333333333335,0.0,0.1716,0.0,0.0,0.0,0.0,0.0
2022-10-17,3.0,0.0,0.0,0.0,0.0,0.0,0.0,0.0,0.0,30.0,0.0,0.0,0.0,0.0,0.0,0.0,0.0,0.2746,0.0,0.0,0.0,0.0,0.0,0.0,0.0,0.0,0.1560133333333333,0.0,0.0,0.0,0.0,0.0,0.0,0.0
2022-10-24,3.0,0.0,0.0,0.0,0.0,0.0,3.0,0.0,0.0,3.0,0.0,3.0,0.0,0.0,0.0,0.0,0.0,0.1376,0.0,0.0,0.0,0.0,0.0,0.2421,0.0,0.0,0.0384,0.0,0.1837,0.0,0.0,0.0,0.0,0.0
2022-10-31,3.0,0.0,0.0,0.0,0.0,0.0,3.0,0.0,0.0,34.0,0.0,13.0,0.0,0.0,0.0,0.0,0.0,0.2607,0.0,0.0,0.0,0.0,0.0,0.1376,0.0,0.0,0.14733235294117647,0.0,0.16872307692307692,0.0,0.0,0.0,0.0,0.0
2022-11-07,1.0,0.0,0.0,0.0,0.0,0.0,0.0,0.0,0.0,28.0,0.0,3.0,0.0,0.0,0.0,0.0,0.0,0.0308,0.0,0.0,0.0,0.0,0.0,0.0,0.0,0.0,0.21068571428571428,0.0,0.1672,0.0,0.0,0.0,0.0,0.0
2022-11-14,2.0,6.0,0.0,0.0,0.0,0.0,6.0,0.0,0.0,21.0,0.0,3.0,0.0,0.0,0.0,0.0,0.0,0.2516,0.18585,0.0,0.0,0.0,0.0,0.2611,0.0,0.0,0.19841428571428574,0.0,0.2765,0.0,0.0,0.0,0.0,0.0
2022-11-21,0.0,6.0,0.0,0.0,0.0,0.0,0.0,0.0,0.0,26.0,0.0,3.0,0.0,3.0,0.0,0.0,0.0,0.0,0.2326,0.0,0.0,0.0,0.0,0.0,0.0,0.0,0.16851538461538462,0.0,0.20420000000000002,0.0,0.1321,0.0,0.0,0.0
2022-11-28,4.0,0.0,0.0,0.0,0.0,0.0,0.0,0.0,0.0,16.0,0.0,0.0,0.0,0.0,0.0,0.0,0.0,0.069675,0.0,0.0,0.0,0.0,0.0,0.0,0.0,0.0,0.16404375,0.0,0.0,0.0,0.0,0.0,0.0,0.0
2022-12-05,1.0,0.0,0.0,0.0,0.0,0.0,3.0,0.0,0.0,27.0,0.0,2.0,0.0,0.0,0.0,0.0,0.0,0.2447,0.0,0.0,0.0,0.0,0.0,0.2315,0.0,0.0,0.16555555555555554,0.0,0.2634,0.0,0.0,0.0,0.0,0.0
2022-12-12,0.0,0.0,0.0,0.0,0.0,0.0,0.0,0.0,0.0,15.0,0.0,11.0,0.0,0.0,0.0,0.0,0.0,0.0,0.0,0.0,0.0,0.0,0.0,0.0,0.0,0.0,0.15997999999999998,0.0,0.17903636363636363,0.0,0.0,0.0,0.0,0.0
2022-12-19,0.0,0.0,0.0,0.0,0.0,0.0,3.0,0.0,0.0,12.0,0.0,6.0,0.0,0.0,0.0,0.0,0.0,0.0,0.0,0.0,0.0,0.0,0.0,0.007700000000000001,0.0,0.0,0.13102499999999997,0.0,0.17115,0.0,0.0,0.0,0.0,0.0
2022-12-26,3.0,3.0,0.0,0.0,0.0,0.0,3.0,0.0,0.0,29.0,0.0,0.0,0.0,0.0,0.0,0.0,0.0,0.2251,0.1837,0.0,0.0,0.0,0.0,0.2544,0.0,0.0,0.1665,0.0,0.0,0.0,0.0,0.0,0.0,0.0
2023-01-02,2.0,3.0,0.0,0.0,0.0,0.0,0.0,0.0,0.0,9.0,0.0,4.0,0.0,0.0,0.0,0.0,0.0,0.2556,0.1264,0.0,0.0,0.0,0.0,0.0,0.0,0.0,0.17593333333333333,0.0,0.18730000000000002,0.0,0.0,0.0,0.0,0.0
2023-01-09,9.0,0.0,0.0,0.0,0.0,0.0,3.0,0.0,0.0,33.0,0.0,0.0,0.0,0.0,0.0,0.0,0.0,0.13787777777777777,0.0,0.0,0.0,0.0,0.0,0.075,0.0,0.0,0.1911030303030303,0.0,0.0,0.0,0.0,0.0,0.0,0.0
2023-01-16,15.0,3.0,0.0,0.0,0.0,0.0,0.0,0.0,0.0,35.0,0.0,3.0,0.0,0.0,0.0,0.0,0.0,0.16594,0.0,0.0,0.0,0.0,0.0,0.0,0.0,0.0,0.17386,0.0,0.030800000000000004,0.0,0.0,0.0,0.0,0.0
2023-01-23,2.0,0.0,0.0,0.0,0.0,0.0,0.0,0.0,0.0,8.0,0.0,6.0,0.0,0.0,0.0,0.0,0.0,0.143,0.0,0.0,0.0,0.0,0.0,0.0,0.0,0.0,0.1924875,0.0,0.10055000000000001,0.0,0.0,0.0,0.0,0.0
2023-01-30,12.0,0.0,0.0,0.0,0.0,0.0,3.0,0.0,0.0,34.0,0.0,18.0,0.0,0.0,0.0,0.0,0.0,0.184725,0.0,0.0,0.0,0.0,0.0,0.1052,0.0,0.0,0.1506235294117647,0.0,0.20115,0.0,0.0,0.0,0.0,0.0
2023-02-06,18.0,0.0,0.0,0.0,0.0,0.0,0.0,0.0,0.0,46.0,0.0,12.0,0.0,0.0,0.0,0.0,0.0,0.14882777777777778,0.0,0.0,0.0,0.0,0.0,0.0,0.0,0.0,0.16774347826086955,0.0,0.1903,0.0,0.0,0.0,0.0,0.0
2023-02-13,9.0,3.0,0.0,0.0,0.0,0.0,8.0,0.0,0.0,36.0,0.0,21.0,0.0,0.0,0.0,0.0,0.0,0.19069999999999998,0.2875,0.0,0.0,0.0,0.0,0.158575,0.0,0.0,0.18065,0.0,0.19262857142857145,0.0,0.0,0.0,0.0,0.0
2023-02-20,16.0,0.0,0.0,0.0,0.0,0.0,0.0,0.0,0.0,48.0,0.0,3.0,0.0,0.0,0.0,0.0,0.0,0.17695,0.0,0.0,0.0,0.0,0.0,0.0,0.0,0.0,0.19035,0.0,0.2797,0.0,0.0,0.0,0.0,0.0
2023-02-27,6.0,3.0,0.0,0.0,0.0,0.0,3.0,0.0,0.0,22.0,0.0,8.0,0.0,0.0,0.0,0.0,0.0,0.16720000000000002,0.0,0.0,0.0,0.0,0.0,0.2205,0.0,0.0,0.1595681818181818,0.0,0.22385,0.0,0.0,0.0,0.0,0.0
2023-03-06,11.0,3.0,0.0,0.0,0.0,0.0,0.0,0.0,0.0,32.0,0.0,5.0,0.0,0.0,0.0,0.0,0.0,0.1683090909090909,0.030800000000000004,0.0,0.0,0.0,0.0,0.0,0.0,0.0,0.156059375,0.0,0.22959999999999997,0.0,0.0,0.0,0.0,0.0
2023-03-13,7.0,3.0,0.0,0.0,0.0,0.0,9.0,0.0,0.0,35.0,0.0,9.0,0.0,3.0,0.0,0.0,0.0,0.11739999999999999,0.1482,0.0,0.0,0.0,0.0,0.1884,0.0,0.0,0.17894857142857143,0.0,0.1846,0.0,0.0607,0.0,0.0,0.0
2023-03-20,7.0,0.0,0.0,0.0,0.0,0.0,9.0,0.0,0.0,44.0,0.0,3.0,0.0,3.0,0.0,0.0,0.0,0.11054285714285715,0.0,0.0,0.0,0.0,0.0,0.11536666666666667,0.0,0.0,0.167075,0.0,0.0607,0.0,0.143,0.0,0.0,0.0
2023-03-27,10.0,0.0,0.0,0.0,0.0,0.0,3.0,0.0,0.0,30.0,0.0,6.0,0.0,6.0,0.0,0.0,0.0,0.13233,0.0,0.0,0.0,0.0,0.0,0.1321,0.0,0.0,0.20043999999999998,0.0,0.0988,0.0,0.21511666666666665,0.0,0.0,0.0
2023-04-03,19.0,3.0,0.0,0.0,0.0,0.0,3.0,0.0,0.0,47.0,0.0,7.0,0.0,0.0,0.0,0.0,0.0,0.1225421052631579,0.2468,0.0,0.0,0.0,0.0,0.082,0.0,0.0,0.19761914893617022,0.0,0.0730857142857143,0.0,0.0,0.0,0.0,0.0
2023-04-10,19.0,3.0,0.0,0.0,0.0,0.0,0.0,0.0,0.0,38.0,0.0,0.0,0.0,3.0,0.0,0.0,0.0,0.17436315789473683,0.0888,0.0,0.0,0.0,0.0,0.0,0.0,0.0,0.18462894736842106,0.0,0.0,0.0,0.1321,0.0,0.0,0.0
2023-04-17,11.0,3.0,0.0,0.0,0.0,0.0,3.0,0.0,0.0,25.0,0.0,18.0,0.0,0.0,0.0,0.0,0.0,0.1731818181818182,0.22739999999999996,0.0,0.0,0.0,0.0,0.082,0.0,0.0,0.184284,0.0,0.18639444444444445,0.0,0.0,0.0,0.0,0.0
2023-04-24,6.0,0.0,0.0,0.0,0.0,0.0,6.0,0.0,0.0,40.0,0.0,0.0,0.0,3.0,0.0,0.0,0.0,0.24721666666666667,0.0,0.0,0.0,0.0,0.0,0.1189,0.0,0.0,0.1782425,0.0,0.0,0.0,0.2468,0.0,0.0,0.0
2023-05-01,39.0,0.0,0.0,0.0,0.0,0.0,9.0,0.0,0.0,41.0,0.0,13.0,0.0,0.0,0.0,0.0,0.0,0.1099025641025641,0.0,0.0,0.0,0.0,0.0,0.19103333333333333,0.0,0.0,0.15819756097560975,0.0,0.1631923076923077,0.0,0.0,0.0,0.0,0.0
2023-05-08,15.0,6.0,0.0,0.0,0.0,0.0,0.0,0.0,0.0,53.0,0.0,19.0,0.0,3.0,0.0,0.0,0.0,0.17387333333333332,0.1852,0.0,0.0,0.0,0.0,0.0,0.0,0.0,0.17124528301886793,0.0,0.16477368421052632,0.0,0.0607,0.0,0.0,0.0
2023-05-15,21.0,6.0,0.0,0.0,0.0,0.0,3.0,0.0,0.0,59.0,0.0,24.0,0.0,0.0,0.0,0.0,0.0,0.12057142857142858,0.10840000000000001,0.0,0.0,0.0,0.0,0.2229,0.0,0.0,0.16680677966101695,0.0,0.1466,0.0,0.0,0.0,0.0,0.0
2023-05-22,33.0,3.0,0.0,0.0,0.0,0.0,0.0,0.0,0.0,45.0,0.0,9.0,0.0,3.0,0.0,0.0,0.0,0.17546060606060604,0.0929,0.0,0.0,0.0,0.0,0.0,0.0,0.0,0.1719,0.0,0.18096666666666666,0.0,0.1716,0.0,0.0,0.0
2023-05-29,31.0,0.0,0.0,0.0,0.0,0.0,3.0,0.0,0.0,34.0,0.0,11.0,0.0,0.0,0.0,0.0,0.0,0.19923548387096776,0.0,0.0,0.0,0.0,0.0,0.2335,0.0,0.0,0.13619117647058823,0.0,0.19287272727272728,0.0,0.0,0.0,0.0,0.0
2023-06-05,21.0,0.0,0.0,0.0,0.0,0.0,0.0,0.0,0.0,64.0,0.0,18.0,0.0,0.0,0.0,0.0,0.0,0.1539095238095238,0.0,0.0,0.0,0.0,0.0,0.0,0.0,0.0,0.20273125,0.0,0.15705,0.0,0.0,0.0,0.0,0.0
2023-06-12,19.0,3.0,0.0,0.0,0.0,0.0,9.0,0.0,0.0,57.0,0.0,24.0,0.0,3.0,0.0,0.0,0.0,0.1723421052631579,0.2315,0.0,0.0,0.0,0.0,0.1627,0.0,0.0,0.14223508771929824,0.0,0.23295,0.0,0.1321,0.0,0.0,0.0
2023-06-19,17.0,0.0,0.0,0.0,0.0,0.0,8.0,0.0,0.0,108.0,0.0,28.0,0.0,1.0,0.0,0.0,0.0,0.20477647058823528,0.0,0.0,0.0,0.0,0.0,0.095825,0.0,0.0,0.14540833333333333,0.0,0.1636357142857143,0.0,0.1911,0.0,0.0,0.0
2023-06-26,18.0,7.0,0.0,0.0,0.0,0.0,6.0,0.0,0.0,70.0,0.0,12.0,0.0,0.0,3.0,0.0,0.0,0.14188333333333333,0.1731,0.0,0.0,0.0,0.0,0.158,0.0,0.0,0.14383142857142855,0.0,0.15974999999999998,0.0,0.0,0.2673,0.0,0.0
2023-07-03,25.0,6.0,0.0,0.0,0.0,0.0,12.0,0.0,0.0,88.0,0.0,9.0,0.0,0.0,0.0,0.0,0.0,0.13463199999999997,0.14305,0.0,0.0,0.0,0.0,0.16205,0.0,0.0,0.18243295454545452,0.0,0.14396666666666666,0.0,0.0,0.0,0.0,0.0
2023-07-10,28.0,6.0,0.0,0.0,0.0,3.0,3.0,0.0,0.0,105.0,0.0,30.0,0.0,3.0,0.0,0.0,0.0,0.1810892857142857,0.0688,0.0,0.0,0.0,0.1376,0.2406,0.0,0.0,0.1569295238095238,0.0,0.18511666666666665,0.0,0.23630000000000004,0.0,0.0,0.0
2023-07-17,29.0,5.0,0.0,0.0,0.0,0.0,8.0,0.0,0.0,105.0,0.0,16.0,0.0,0.0,0.0,0.0,0.0,0.18491724137931037,0.1637,0.0,0.0,0.0,0.0,0.1574875,0.0,0.0,0.18189333333333335,0.0,0.18356875,0.0,0.0,0.0,0.0,0.0
2023-07-24,23.0,0.0,0.0,0.0,0.0,0.0,8.0,0.0,0.0,91.0,0.0,4.0,0.0,1.0,0.0,0.0,0.0,0.1425695652173913,0.0,0.0,0.0,0.0,0.0,0.24485,0.0,0.0,0.1617912087912088,0.0,0.11575,0.0,0.2707,0.0,0.0,0.0
2023-07-31,26.0,6.0,0.0,0.0,0.0,1.0,3.0,0.0,0.0,109.0,0.0,26.0,0.0,6.0,0.0,0.0,0.0,0.15444615384615384,0.13125,0.0,0.0,0.0,0.0045,0.1206,0.0,0.0,0.16496880733944955,0.0,0.21298076923076922,0.0,0.21305,0.0,0.0,0.0
2023-08-07,31.0,3.0,0.0,0.0,0.0,0.0,12.0,0.0,0.0,90.0,0.0,17.0,0.0,9.0,0.0,0.0,0.0,0.16178387096774194,0.20719999999999997,0.0,0.0,0.0,0.0,0.17005,0.0,0.0,0.19149333333333335,0.0,0.1630764705882353,0.0,0.18223333333333333,0.0,0.0,0.0
2023-08-14,14.0,3.0,0.0,0.0,0.0,0.0,6.0,0.0,0.0,52.0,0.0,18.0,0.0,9.0,0.0,0.0,0.0,0.16927857142857142,0.126,0.0,0.0,0.0,0.0,0.1418,0.0,0.0,0.1655,0.0,0.07548333333333333,0.0,0.15456666666666669,0.0,0.0,0.0
2023-08-21,32.0,0.0,0.0,0.0,0.0,0.0,13.0,0.0,0.0,60.0,0.0,14.0,0.0,4.0,0.0,0.0,0.0,0.18435,0.0,0.0,0.0,0.0,0.0,0.20104615384615385,0.0,0.0,0.14173166666666667,0.0,0.12853571428571428,0.0,0.06885,0.0,0.0,0.0
2023-08-28,19.0,3.0,0.0,0.0,0.0,0.0,8.0,0.0,0.0,57.0,0.0,15.0,0.0,3.0,0.0,0.0,0.0,0.12251052631578947,0.0384,0.0,0.0,0.0,0.0,0.11528749999999999,0.0,0.0,0.15888070175438598,0.0,0.14384,0.0,0.1798,0.0,0.0,0.0
2023-09-04,18.0,3.0,0.0,0.0,0.0,0.0,3.0,0.0,0.0,105.0,0.0,13.0,0.0,3.0,0.0,0.0,0.0,0.19787222222222223,0.165,0.0,0.0,0.0,0.0,0.20420000000000002,0.0,0.0,0.14512952380952382,0.0,0.14432307692307692,0.0,0.082,0.0,0.0,0.0
2023-09-11,24.0,6.0,0.0,0.0,0.0,0.0,6.0,0.0,0.0,134.0,0.0,21.0,0.0,0.0,0.0,0.0,0.0,0.1735,0.1814,0.0,0.0,0.0,0.0,0.041,0.0,0.0,0.15617910447761194,0.0,0.12534285714285714,0.0,0.0,0.0,0.0,0.0
2023-09-18,31.0,3.0,0.0,0.0,0.0,0.0,7.0,0.0,0.0,174.0,0.0,16.0,0.0,9.0,0.0,0.0,6.0,0.16255483870967743,0.2155,0.0,0.0,0.0,0.0,0.1435142857142857,0.0,0.0,0.16414885057471265,0.0,0.23454375,0.0,0.12689999999999999,0.0,0.0,0.1482
2023-09-25,29.0,12.0,0.0,0.0,0.0,0.0,9.0,0.0,0.0,103.0,0.0,18.0,0.0,6.0,0.0,0.0,0.0,0.17409310344827586,0.183725,0.0,0.0,0.0,0.0,0.17256666666666665,0.0,0.0,0.17787281553398057,0.0,0.17065,0.0,0.10359999999999998,0.0,0.0,0.0
2023-10-02,18.0,9.0,0.0,0.0,0.0,0.0,12.0,0.0,0.0,156.0,0.0,13.0,0.0,16.0,0.0,0.0,0.0,0.16786666666666666,0.1489,0.0,0.0,0.0,0.0,0.17250000000000001,0.0,0.0,0.19244999999999998,0.0,0.20666923076923077,0.0,0.1089,0.0,0.0,0.0
2023-10-09,18.0,9.0,0.0,0.0,0.0,3.0,3.0,0.0,0.0,409.0,0.0,18.0,0.0,3.0,0.0,0.0,0.0,0.18440555555555554,0.24860000000000002,0.0,0.0,0.0,0.1716,0.1627,0.0,0.0,0.1822555012224939,0.0,0.18395555555555554,0.0,0.2521,0.0,0.0,0.0
2023-10-16,29.0,6.0,0.0,0.0,0.0,0.0,3.0,0.0,0.0,500.0,0.0,17.0,0.0,6.0,0.0,0.0,0.0,0.14918275862068964,0.11855,0.0,0.0,0.0,0.0,0.2315,0.0,0.0,0.18235900000000002,0.0,0.17014117647058824,0.0,0.18315,0.0,0.0,0.0
2023-10-23,59.0,3.0,0.0,0.0,0.0,0.0,9.0,0.0,0.0,366.0,0.0,6.0,0.0,4.0,0.0,0.0,0.0,0.1749135593220339,0.0459,0.0,0.0,0.0,0.0,0.1881,0.0,0.0,0.18577267759562843,0.0,0.19204999999999997,0.0,0.24275,0.0,0.0,0.0
2023-10-30,84.0,3.0,0.0,0.0,0.0,0.0,12.0,0.0,0.0,424.0,0.0,19.0,0.0,1.0,0.0,0.0,0.0,0.13373452380952383,0.2295,0.0,0.0,0.0,0.0,0.12325000000000001,0.0,0.0,0.19165778301886793,0.0,0.14090526315789473,0.0,0.1946,0.0,0.0,0.0
2023-11-06,26.0,5.0,0.0,0.0,0.0,0.0,12.0,0.0,0.0,399.0,0.0,20.0,0.0,9.0,0.0,0.0,0.0,0.1680576923076923,0.01082,0.0,0.0,0.0,0.0,0.12154999999999999,0.0,0.0,0.17992907268170427,0.0,0.157845,0.0,0.11736666666666667,0.0,0.0,0.0
2023-11-13,31.0,10.0,0.0,0.0,0.0,0.0,15.0,0.0,0.0,385.0,0.0,24.0,0.0,18.0,0.0,0.0,0.0,0.15493225806451613,0.11971000000000001,0.0,0.0,0.0,0.0,0.047279999999999996,0.0,0.0,0.17653610389610389,0.0,0.14762499999999998,0.0,0.15278333333333333,0.0,0.0,0.0
2023-11-20,74.0,21.0,0.0,0.0,0.0,3.0,3.0,0.0,0.0,303.0,0.0,18.0,0.0,9.0,0.0,0.0,0.0,0.1518945945945946,0.15464285714285714,0.0,0.0,0.0,0.2687,0.2315,0.0,0.0,0.16642310231023102,0.0,0.14795,0.0,0.15973333333333334,0.0,0.0,0.0
2023-11-27,33.0,3.0,0.0,0.0,0.0,0.0,9.0,0.0,0.0,267.0,0.0,8.0,0.0,12.0,0.0,0.0,0.0,0.1972878787878788,0.2642,0.0,0.0,0.0,0.0,0.23726666666666668,0.0,0.0,0.1729752808988764,0.0,0.273,0.0,0.18271666666666667,0.0,0.0,0.0
2023-12-04,53.0,0.0,0.0,0.0,0.0,3.0,20.0,0.0,0.0,275.0,0.0,9.0,0.0,9.0,0.0,0.0,0.0,0.16239622641509432,0.0,0.0,0.0,0.0,0.2453,0.154,0.0,0.0,0.15392436363636364,0.0,0.1127,0.0,0.07273333333333334,0.0,0.0,0.0
2023-12-11,18.0,12.0,0.0,3.0,0.0,0.0,12.0,0.0,0.0,250.0,0.0,18.0,0.0,9.0,0.0,0.0,0.0,0.08603333333333334,0.23142500000000002,0.0,0.143,0.0,0.0,0.1833,0.0,0.0,0.1819572,0.0,0.17676666666666666,0.0,0.07063333333333333,0.0,0.0,0.0
2023-12-18,21.0,6.0,0.0,0.0,0.0,0.0,3.0,0.0,0.0,200.0,0.0,33.0,0.0,6.0,0.0,0.0,0.0,0.20037142857142856,0.13754999999999998,0.0,0.0,0.0,0.0,0.1058,0.0,0.0,0.150953,0.0,0.1423909090909091,0.0,0.26955,0.0,0.0,0.0
2023-12-25,42.0,6.0,0.0,0.0,0.0,0.0,3.0,0.0,0.0,179.0,0.0,6.0,0.0,1.0,0.0,0.0,0.0,0.15495238095238095,0.19575,0.0,0.0,0.0,0.0,0.2468,0.0,0.0,0.1782927374301676,0.0,0.19225,0.0,0.0888,0.0,0.0,0.0
2024-01-01,21.0,16.0,0.0,0.0,0.0,0.0,0.0,0.0,0.0,270.0,0.0,13.0,0.0,14.0,0.0,0.0,0.0,0.19342857142857145,0.1502,0.0,0.0,0.0,0.0,0.0,0.0,0.0,0.17365999999999998,0.0,0.13729230769230769,0.0,0.08611428571428571,0.0,0.0,0.0
2024-01-08,38.0,9.0,0.0,0.0,0.0,0.0,6.0,0.0,0.0,357.0,0.0,15.0,0.0,12.0,0.0,0.0,0.0,0.13898684210526316,0.17266666666666663,0.0,0.0,0.0,0.0,0.09035,0.0,0.0,0.17388683473389355,0.0,0.12182,0.0,0.11025,0.0,0.0,0.0
2024-01-15,38.0,18.0,0.0,0.0,0.0,0.0,24.0,0.0,0.0,362.0,0.0,23.0,0.0,12.0,0.0,0.0,3.0,0.18992105263157896,0.17648333333333333,0.0,0.0,0.0,0.0,0.178675,0.0,0.0,0.18368232044198893,0.0,0.12634347826086956,0.0,0.10909999999999999,0.0,0.0,0.265
2024-01-22,26.0,12.0,0.0,0.0,0.0,3.0,6.0,0.0,0.0,348.0,0.0,18.0,0.0,15.0,0.0,0.0,0.0,0.16110384615384615,0.15412499999999998,0.0,0.0,0.0,0.0607,0.10510000000000001,0.0,0.0,0.1715037356321839,0.0,0.09608333333333334,0.0,0.08042666666666666,0.0,0.0,0.0
2024-01-29,41.0,6.0,2.0,0.0,0.0,0.0,10.0,0.0,0.0,347.0,0.0,15.0,0.0,6.0,0.0,0.0,0.0,0.19368536585365853,0.04555,0.0308,0.0,0.0,0.0,0.16409,0.0,0.0,0.1796536023054755,0.0,0.12277999999999999,0.0,0.15875,0.0,0.0,0.0
2024-02-05,48.0,6.0,0.0,0.0,0.0,0.0,4.0,0.0,0.0,292.0,0.0,12.0,0.0,8.0,0.0,0.0,0.0,0.19263333333333332,0.16,0.0,0.0,0.0,0.0,0.16670000000000001,0.0,0.0,0.18029109589041095,0.0,0.098275,0.0,0.1500125,0.0,0.0,0.0
2024-02-12,29.0,18.0,0.0,0.0,0.0,6.0,3.0,0.0,0.0,332.0,0.0,22.0,0.0,9.0,0.0,0.0,0.0,0.13974137931034483,0.19245,0.0,0.0,0.0,0.0375,0.082,0.0,0.0,0.17226656626506026,0.0,0.18544090909090907,0.0,0.1954,0.0,0.0,0.0
2024-02-19,33.0,3.0,0.0,0.0,0.0,3.0,12.0,0.0,0.0,235.0,0.0,9.0,0.0,11.0,0.0,0.0,0.0,0.1791090909090909,0.27,0.0,0.0,0.0,0.1186,0.1841,0.0,0.0,0.1717927659574468,0.0,0.15919999999999998,0.0,0.1813818181818182,0.0,0.0,0.0
2024-02-26,57.0,13.0,0.0,0.0,0.0,0.0,3.0,0.0,0.0,310.0,0.0,21.0,0.0,41.0,0.0,0.0,0.0,0.15786140350877195,0.10893076923076922,0.0,0.0,0.0,0.0,0.1831,0.0,0.0,0.16929870967741933,0.0,0.17909999999999998,0.0,0.15737560975609755,0.0,0.0,0.0
2024-03-04,37.0,9.0,0.0,0.0,0.0,2.0,12.0,0.0,0.0,304.0,0.0,14.0,0.0,20.0,0.0,0.0,0.0,0.16245945945945947,0.2439,0.0,0.0,0.0,0.242,0.132075,0.0,0.0,0.16968947368421053,0.0,0.11108571428571427,0.0,0.17069499999999999,0.0,0.0,0.0
2024-03-11,29.0,20.0,0.0,0.0,0.0,0.0,3.0,0.0,0.0,276.0,0.0,42.0,0.0,19.0,0.0,0.0,0.0,0.14440689655172415,0.17745000000000002,0.0,0.0,0.0,0.0,0.0,0.0,0.0,0.18010652173913044,0.0,0.18209285714285714,0.0,0.14992631578947369,0.0,0.0,0.0
2024-03-18,14.0,17.0,0.0,0.0,0.0,3.0,9.0,0.0,0.0,321.0,0.0,22.0,0.0,29.0,0.0,0.0,0.0,0.19924285714285714,0.19442352941176472,0.0,0.0,0.0,0.1403,0.13473333333333334,0.0,0.0,0.1720461059190031,0.0,0.15513181818181818,0.0,0.20491724137931033,0.0,0.0,0.0
2024-03-25,26.0,9.0,0.0,0.0,0.0,0.0,10.0,0.0,0.0,250.0,0.0,3.0,0.0,26.0,0.0,0.0,0.0,0.16896538461538463,0.1149,0.0,0.0,0.0,0.0,0.07163,0.0,0.0,0.1726928,0.0,0.1893,0.0,0.1013923076923077,0.0,0.0,0.0
2024-04-01,39.0,15.0,0.0,0.0,0.0,0.0,6.0,0.0,0.0,383.0,0.0,16.0,0.0,20.0,0.0,0.0,0.0,0.1254102564102564,0.16770000000000002,0.0,0.0,0.0,0.0,0.14945,0.0,0.0,0.17379138381201045,0.0,0.12553125,0.0,0.12523,0.0,0.0,0.0
2024-04-08,56.0,12.0,0.0,0.0,0.0,3.0,6.0,0.0,0.0,333.0,0.0,12.0,0.0,21.0,0.0,0.0,0.0,0.14419107142857143,0.18789999999999998,0.0,0.0,0.0,0.17580000000000004,0.20179999999999998,0.0,0.0,0.16234084084084083,0.0,0.11175,0.0,0.16494285714285714,0.0,0.0,0.0
2024-04-15,33.0,14.0,0.0,0.0,0.0,0.0,8.0,0.0,0.0,411.0,0.0,30.0,0.0,22.0,0.0,0.0,0.0,0.1591909090909091,0.16158571428571428,0.0,0.0,0.0,0.0,0.0936,0.0,0.0,0.18533941605839416,0.0,0.22498,0.0,0.1300590909090909,0.0,0.0,0.0
2024-04-22,45.0,16.0,0.0,0.0,0.0,3.0,18.0,0.0,0.0,385.0,0.0,27.0,0.0,14.0,0.0,0.0,0.0,0.18484666666666666,0.09799375,0.0,0.0,0.0,0.22519999999999998,0.13516666666666666,0.0,0.0,0.1713335064935065,0.0,0.17993333333333333,0.0,0.13681428571428572,0.0,0.0,0.0
2024-04-29,30.0,20.0,0.0,0.0,0.0,3.0,7.0,0.0,0.0,449.0,0.0,19.0,0.0,30.0,0.0,0.0,0.0,0.18655333333333332,0.19716499999999998,0.0,0.0,0.0,0.082,0.041685714285714284,0.0,0.0,0.18049844097995546,0.0,0.09850526315789475,0.0,0.20024,0.0,0.0,0.0
2024-05-06,36.0,30.0,0.0,0.0,0.0,3.0,11.0,0.0,0.0,468.0,0.0,28.0,0.0,21.0,0.0,0.0,0.0,0.15730277777777776,0.12493333333333334,0.0,0.0,0.0,0.2129,0.20838181818181817,0.0,0.0,0.1779692307692308,0.0,0.1708214285714286,0.0,0.15015714285714288,0.0,0.0,0.0
2024-05-13,47.0,28.0,0.0,0.0,0.0,7.0,18.0,0.0,0.0,402.0,0.0,28.0,0.0,31.0,0.0,0.0,0.0,0.1361872340425532,0.17105714285714285,0.0,0.0,0.0,0.19375714285714288,0.09920000000000001,0.0,0.0,0.1673828358208955,0.0,0.15901785714285713,0.0,0.1696548387096774,0.0,0.0,0.0
2024-05-20,52.0,12.0,0.0,0.0,0.0,5.0,25.0,0.0,0.0,372.0,0.0,53.0,0.0,53.0,0.0,0.0,0.0,0.17779807692307692,0.18742499999999998,0.0,0.0,0.0,0.18180000000000002,0.160104,0.0,0.0,0.16972500000000001,0.0,0.13364716981132077,0.0,0.14752830188679245,0.0,0.0,0.0
2024-05-27,52.0,8.0,0.0,0.0,0.0,3.0,11.0,0.0,0.0,322.0,0.0,38.0,0.0,46.0,0.0,0.0,0.0,0.14691730769230768,0.1419375,0.0,0.0,0.0,0.0888,0.18877272727272726,0.0,0.0,0.16396273291925464,0.0,0.14554999999999998,0.0,0.16908260869565217,0.0,0.0,0.0
2024-06-03,49.0,33.0,0.0,0.0,0.0,9.0,13.0,0.0,3.0,461.0,0.0,20.0,0.0,59.0,3.0,0.0,0.0,0.1720857142857143,0.18329090909090912,0.0,0.0,0.0,0.15706666666666666,0.06096153846153846,0.0,0.0,0.17505249457700653,0.0,0.14925,0.0,0.14467627118644066,0.2687,0.0,0.0
2024-06-10,51.0,12.0,0.0,0.0,0.0,9.0,21.0,0.0,0.0,378.0,0.0,46.0,0.0,73.0,0.0,0.0,0.0,0.1756921568627451,0.164775,0.0,0.0,0.0,0.11983333333333333,0.12887142857142858,0.0,0.0,0.16195925925925925,0.0,0.17838478260869567,0.0,0.16342602739726025,0.0,0.0,0.0
2024-06-17,45.0,22.0,0.0,0.0,0.0,3.0,21.0,0.0,0.0,421.0,0.0,43.0,0.0,71.0,0.0,0.0,2.0,0.20165111111111114,0.0951409090909091,0.0,0.0,0.0,0.0384,0.18002857142857143,0.0,0.0,0.15913467933491687,0.0,0.12273488372093022,0.0,0.13474647887323943,0.0,0.0,0.0496
2024-06-24,31.0,18.0,0.0,0.0,0.0,6.0,9.0,0.0,0.0,399.0,0.0,11.0,0.0,67.0,0.0,0.0,0.0,0.13916129032258065,0.18514444444444444,0.0,0.0,0.0,0.2317,0.16076666666666667,0.0,0.0,0.17023834586466166,0.0,0.11684545454545456,0.0,0.1095910447761194,0.0,0.0,0.0
2024-07-01,41.0,12.0,0.0,0.0,0.0,29.0,20.0,0.0,0.0,407.0,0.0,30.0,0.0,61.0,0.0,0.0,0.0,0.1297951219512195,0.20926666666666668,0.0,0.0,0.0,0.1676241379310345,0.177315,0.0,0.0,0.1763815724815725,0.0,0.16353333333333334,0.0,0.13177704918032787,0.0,0.0,0.0
2024-07-08,26.0,17.0,0.0,0.0,0.0,3.0,15.0,0.0,0.0,281.0,0.0,10.0,0.0,41.0,0.0,0.0,0.0,0.1715923076923077,0.1850470588235294,0.0,0.0,0.0,0.2607,0.15331999999999998,0.0,0.0,0.17646619217081852,0.0,0.11900999999999999,0.0,0.17947804878048781,0.0,0.0,0.0
2024-07-15,41.0,15.0,0.0,0.0,0.0,4.0,14.0,0.0,0.0,346.0,0.0,28.0,0.0,50.0,3.0,0.0,0.0,0.1654829268292683,0.14057999999999998,0.0,0.0,0.0,0.039599999999999996,0.21633571428571427,0.0,0.0,0.16967745664739883,0.0,0.197575,0.0,0.14057,0.2533,0.0,0.0
2024-07-22,39.0,28.0,0.0,0.0,0.0,0.0,18.0,0.0,0.0,345.0,0.0,18.0,0.0,27.0,0.0,0.0,0.0,0.16027948717948717,0.2003392857142857,0.0,0.0,0.0,0.0,0.07743333333333333,0.0,0.0,0.1743431884057971,0.0,0.19318333333333335,0.0,0.1751222222222222,0.0,0.0,0.0
2024-07-29,65.0,10.0,0.0,0.0,0.0,9.0,45.0,0.0,0.0,425.0,0.0,32.0,0.0,43.0,3.0,0.0,0.0,0.15351076923076923,0.0982,0.0,0.0,0.0,0.17202222222222222,0.20539333333333332,0.0,0.0,0.18394988235294119,0.0,0.150646875,0.0,0.12003953488372092,0.030800000000000004,0.0,0.0
2024-08-05,38.0,3.0,0.0,0.0,0.0,13.0,27.0,0.0,0.0,383.0,0.0,37.0,0.0,33.0,0.0,0.0,0.0,0.11864736842105264,0.09549999999999999,0.0,0.0,0.0,0.07594615384615386,0.12064444444444444,0.0,0.0,0.18035013054830287,0.0,0.1805216216216216,0.0,0.14219696969696968,0.0,0.0,0.0
2024-08-12,23.0,12.0,0.0,0.0,0.0,3.0,13.0,0.0,0.0,457.0,0.0,43.0,0.0,54.0,0.0,0.0,0.0,0.17589130434782607,0.14045,0.0,0.0,0.0,0.2654,0.23958461538461537,0.0,0.0,0.18370765864332605,0.0,0.12263488372093023,0.0,0.16061666666666666,0.0,0.0,0.0
2024-08-19,40.0,28.0,0.0,0.0,3.0,5.0,6.0,0.0,0.0,377.0,0.0,5.0,0.0,23.0,3.0,0.0,0.0,0.1750875,0.1658714285714286,0.0,0.0,0.1264,0.25834,0.21205,0.0,0.0,0.17134297082228117,0.0,0.21874000000000002,0.0,0.15517391304347825,0.0155,0.0,0.0
2024-08-26,29.0,18.0,0.0,0.0,0.0,3.0,6.0,0.0,0.0,305.0,0.0,18.0,0.0,35.0,0.0,0.0,0.0,0.15628275862068966,0.1183,0.0,0.0,0.0,0.11033333333333334,0.1813,0.0,0.0,0.1585983606557377,0.0,0.10826666666666668,0.0,0.15608,0.0,0.0,0.0
2024-09-02,28.0,6.0,0.0,0.0,0.0,6.0,9.0,0.0,0.0,412.0,0.0,9.0,0.0,48.0,0.0,0.0,0.0,0.16358214285714287,0.0542,0.0,0.0,0.0,0.1211,0.16493333333333332,0.0,0.0,0.17335728155339805,0.0,0.0735,0.0,0.12483125,0.0,0.0,0.0
2024-09-09,32.0,15.0,0.0,0.0,0.0,20.0,15.0,0.0,0.0,475.0,0.0,24.0,0.0,46.0,0.0,0.0,0.0,0.1799375,0.13694666666666666,0.0,0.0,0.0,0.140785,0.20632,0.0,0.0,0.17453010526315788,0.0,0.16575416666666667,0.0,0.1690586956521739,0.0,0.0,0.0
2024-09-16,40.0,15.0,0.0,0.0,0.0,6.0,25.0,0.0,0.0,459.0,0.0,21.0,0.0,63.0,0.0,0.0,0.0,0.1716675,0.22434,0.0,0.0,0.0,0.1831,0.12191600000000001,0.0,0.0,0.17687167755991284,0.0,0.14723809523809525,0.0,0.192915873015873,0.0,0.0,0.0
2024-09-23,61.0,19.0,0.0,0.0,0.0,12.0,21.0,0.0,0.0,523.0,0.0,43.0,0.0,55.0,0.0,0.0,0.0,0.14822622950819672,0.15333157894736843,0.0,0.0,0.0,0.050725,0.16622857142857145,0.0,0.0,0.17309445506692162,0.0,0.1558046511627907,0.0,0.18161636363636363,0.0,0.0,0.0
2024-09-30,28.0,29.0,0.0,0.0,0.0,13.0,22.0,0.0,0.0,588.0,0.0,9.0,0.0,55.0,0.0,0.0,0.0,0.19664642857142858,0.1478241379310345,0.0,0.0,0.0,0.0726076923076923,0.11125454545454545,0.0,0.0,0.17260391156462584,0.0,0.11059999999999999,0.0,0.13744363636363638,0.0,0.0,0.0
2024-10-07,52.0,11.0,0.0,0.0,0.0,4.0,15.0,0.0,0.0,519.0,0.0,19.0,0.0,45.0,0.0,0.0,0.0,0.1859846153846154,0.10761818181818182,0.0,0.0,0.0,0.235475,0.20316,0.0,0.0,0.17216878612716763,0.0,0.17115263157894736,0.0,0.1391088888888889,0.0,0.0,0.0
2024-10-14,45.0,32.0,0.0,0.0,0.0,6.0,0.0,1.0,0.0,502.0,0.0,12.0,0.0,40.0,0.0,0.0,0.0,0.16255555555555556,0.191353125,0.0,0.0,0.0,0.0836,0.0,0.2597,0.0,0.17433804780876494,0.0,0.136375,0.0,0.1378875,0.0,0.0,0.0
2024-10-21,63.0,24.0,0.0,0.0,0.0,9.0,15.0,0.0,0.0,501.0,0.0,21.0,0.0,86.0,0.0,0.0,0.0,0.13092222222222222,0.14170833333333333,0.0,0.0,0.0,0.212,0.13964,0.0,0.0,0.16170339321357285,0.0,0.20170000000000002,0.0,0.14207325581395347,0.0,0.0,0.0
2024-10-28,46.0,46.0,0.0,0.0,0.0,11.0,25.0,0.0,0.0,588.0,0.0,49.0,0.0,71.0,0.0,0.0,0.0,0.19121521739130434,0.17387826086956523,0.0,0.0,0.0,0.09725454545454544,0.08172399999999999,0.0,0.0,0.17421853741496598,0.0,0.12437346938775509,0.0,0.13159577464788733,0.0,0.0,0.0
2024-11-04,44.0,36.0,0.0,0.0,0.0,26.0,33.0,0.0,0.0,668.0,0.0,43.0,0.0,141.0,0.0,0.0,0.0,0.1436590909090909,0.15814166666666668,0.0,0.0,0.0,0.16457307692307693,0.19690606060606058,0.0,0.0,0.1602199101796407,0.0,0.15316046511627907,0.0,0.16250425531914894,0.0,0.0,0.0
2024-11-11,63.0,38.0,3.0,0.0,0.0,10.0,42.0,0.0,0.0,521.0,0.0,63.0,0.0,68.0,0.0,0.0,0.0,0.162284126984127,0.15797105263157893,0.2406,0.0,0.0,0.19095,0.18127619047619048,0.0,0.0,0.16832264875239925,0.0,0.15064285714285716,0.0,0.1640720588235294,0.0,0.0,0.0
2024-11-18,78.0,55.0,0.0,0.0,0.0,3.0,21.0,0.0,0.0,549.0,0.0,21.0,0.0,76.0,0.0,0.0,0.0,0.18917948717948718,0.17919272727272728,0.0,0.0,0.0,0.0,0.1873,0.0,0.0,0.17150673952641166,0.0,0.16947142857142858,0.0,0.15080263157894738,0.0,0.0,0.0
2024-11-25,40.0,33.0,0.0,0.0,0.0,18.0,14.0,0.0,0.0,573.0,0.0,21.0,1.0,77.0,0.0,0.0,6.0,0.110285,0.1444,0.0,0.0,0.0,0.17703333333333335,0.2194642857142857,0.0,0.0,0.16393403141361257,0.0,0.11318571428571429,0.1299,0.17323246753246754,0.0,0.0,0.06924999999999999
2024-12-02,49.0,9.0,0.0,0.0,0.0,8.0,6.0,0.0,0.0,424.0,0.0,27.0,0.0,78.0,0.0,0.0,0.0,0.17152244897959185,0.082,0.0,0.0,0.0,0.20703749999999999,0.14255,0.0,0.0,0.1607566037735849,0.0,0.16045555555555555,0.0,0.1672820512820513,0.0,0.0,0.0
2024-12-09,44.0,11.0,0.0,0.0,3.0,3.0,6.0,0.0,0.0,446.0,0.0,21.0,0.0,38.0,0.0,0.0,0.0,0.14416363636363635,0.11973636363636363,0.0,0.0,0.227,0.1206,0.14604999999999999,0.0,0.0,0.1740280269058296,0.0,0.1359095238095238,0.0,0.16609210526315787,0.0,0.0,0.0
2024-12-16,30.0,33.0,0.0,0.0,0.0,9.0,6.0,0.0,0.0,405.0,0.0,41.0,0.0,69.0,0.0,0.0,0.0,0.06629666666666666,0.1265939393939394,0.0,0.0,0.0,0.19086666666666666,0.10704999999999999,0.0,0.0,0.18631135802469137,0.0,0.20239268292682927,0.0,0.14030289855072464,0.0,0.0,0.0
2024-12-23,20.0,9.0,0.0,0.0,0.0,3.0,14.0,0.0,0.0,242.0,0.0,9.0,0.0,12.0,0.0,0.0,0.0,0.132915,0.149,0.0,0.0,0.0,0.0496,0.11124285714285713,0.0,0.0,0.17809834710743802,0.0,0.19113333333333332,0.0,0.16219999999999998,0.0,0.0,0.0
2024-12-30,32.0,22.0,0.0,0.0,0.0,0.0,21.0,0.0,0.0,264.0,0.0,8.0,0.0,36.0,0.0,0.0,0.0,0.173590625,0.19180909090909093,0.0,0.0,0.0,0.0,0.16908571428571428,0.0,0.0,0.17411325757575757,0.0,0.19985,0.0,0.15329722222222222,0.0,0.0,0.0
2025-01-06,69.0,22.0,0.0,0.0,0.0,0.0,39.0,0.0,0.0,387.0,0.0,31.0,0.0,101.0,6.0,0.0,3.0,0.19461304347826086,0.1521,0.0,0.0,0.0,0.0,0.16227692307692307,0.0,0.0,0.15849612403100777,0.0,0.1344064516129032,0.0,0.13555643564356437,0.1378,0.0,0.0106
2025-01-13,71.0,22.0,0.0,0.0,0.0,8.0,32.0,0.0,0.0,554.0,0.0,26.0,0.0,51.0,0.0,0.0,0.0,0.14236901408450706,0.16168636363636366,0.0,0.0,0.0,0.1342875,0.15398125000000001,0.0,0.0,0.16300126353790614,0.0,0.17453461538461537,0.0,0.19078823529411765,0.0,0.0,0.0
2025-01-20,63.0,28.0,0.0,0.0,0.0,6.0,24.0,0.0,0.0,563.0,0.0,8.0,0.0,69.0,0.0,0.0,0.0,0.11876507936507937,0.1456285714285714,0.0,0.0,0.0,0.19340000000000002,0.1551625,0.0,0.0,0.16731829484902308,0.0,0.22605,0.0,0.15574927536231886,0.0,0.0,0.0
2025-01-27,132.0,30.0,0.0,0.0,0.0,9.0,30.0,0.0,0.0,472.0,0.0,30.0,0.0,89.0,0.0,0.0,0.0,0.13026969696969695,0.15099,0.0,0.0,0.0,0.06651111111111112,0.21011999999999997,0.0,0.0,0.17198389830508476,0.0,0.14116,0.0,0.15747191011235956,0.0,0.0,0.0
2025-02-03,88.0,29.0,0.0,0.0,0.0,0.0,31.0,0.0,0.0,554.0,0.0,24.0,0.0,73.0,0.0,0.0,6.0,0.15218295454545452,0.15223793103448277,0.0,0.0,0.0,0.0,0.15398709677419356,0.0,0.0,0.14188411552346572,0.0,0.12346666666666667,0.0,0.14433150684931506,0.0,0.0,0.13770000000000002
2025-02-10,117.0,18.0,0.0,0.0,0.0,9.0,10.0,0.0,0.0,554.0,0.0,43.0,0.0,68.0,3.0,0.0,6.0,0.14251709401709403,0.17145,0.0,0.0,0.0,0.0789,0.1631,0.0,0.0,0.15634981949458485,0.0,0.15845348837209303,0.0,0.1581014705882353,0.2827,0.0,0.08045000000000001
2025-02-17,30.0,27.0,0.0,0.0,0.0,7.0,27.0,0.0,0.0,623.0,0.0,35.0,0.0,79.0,8.0,0.0,0.0,0.15666666666666668,0.15506296296296296,0.0,0.0,0.0,0.21324285714285715,0.1616222222222222,0.0,0.0,0.15079213483146067,0.0,0.16515714285714286,0.0,0.1344506329113924,0.0766125,0.0,0.0
2025-02-24,81.0,30.0,0.0,0.0,0.0,3.0,21.0,0.0,0.0,612.0,0.0,20.0,0.0,71.0,0.0,0.0,0.0,0.14501975308641976,0.18817,0.0,0.0,0.0,0.2229,0.1268857142857143,0.0,0.0,0.15188349673202614,0.0,0.11268,0.0,0.17848591549295773,0.0,0.0,0.0
2025-03-03,76.0,34.0,0.0,0.0,0.0,9.0,29.0,0.0,0.0,591.0,0.0,18.0,3.0,46.0,0.0,0.0,0.0,0.15714605263157894,0.12710588235294118,0.0,0.0,0.0,0.101,0.1747551724137931,0.0,0.0,0.16371336717428087,0.0,0.15055000000000002,0.102,0.1554695652173913,0.0,0.0,0.0
2025-03-10,58.0,30.0,0.0,0.0,0.0,12.0,18.0,0.0,0.0,642.0,0.0,26.0,0.0,99.0,0.0,0.0,0.0,0.1851586206896552,0.15439,0.0,0.0,0.0,0.186775,0.16276666666666667,0.0,0.0,0.16435155763239875,0.0,0.16273461538461537,0.0,0.1413060606060606,0.0,0.0,0.0
2025-03-17,49.0,42.0,0.0,0.0,0.0,11.0,18.0,0.0,0.0,620.0,0.0,30.0,3.0,83.0,3.0,0.0,0.0,0.12827755102040816,0.16099285714285713,0.0,0.0,0.0,0.1391181818181818,0.0976,0.0,0.0,0.1730075806451613,0.0,0.12289,0.1875,0.17521686746987952,0.0534,0.0,0.0
2025-03-24,34.0,18.0,0.0,2.0,0.0,18.0,33.0,0.0,0.0,618.0,0.0,34.0,0.0,110.0,3.0,0.0,3.0,0.15643235294117647,0.10283333333333333,0.0,0.2481,0.0,0.17031666666666667,0.16605454545454545,0.0,0.0,0.16574822006472492,0.0,0.18499411764705884,0.0,0.14393,0.09549999999999999,0.0,0.2438
2025-03-31,38.0,31.0,0.0,0.0,0.0,36.0,29.0,0.0,0.0,749.0,0.0,24.0,0.0,115.0,0.0,0.0,18.0,0.16059736842105263,0.16388387096774193,0.0,0.0,0.0,0.13554166666666667,0.12058620689655172,0.0,0.0,0.15965674232309746,0.0,0.1273875,0.0,0.14314521739130434,0.0,0.0,0.1642
2025-04-07,89.0,28.0,3.0,0.0,0.0,18.0,41.0,0.0,0.0,794.0,0.0,30.0,0.0,115.0,0.0,0.0,3.0,0.16676629213483146,0.16945714285714283,0.2228,0.0,0.0,0.19126666666666667,0.14667317073170733,0.0,0.0,0.15541486146095718,0.0,0.1281533333333333,0.0,0.13625565217391303,0.0,0.0,0.0888
2025-04-14,67.0,42.0,0.0,0.0,0.0,12.0,27.0,0.0,0.0,580.0,0.0,21.0,0.0,90.0,3.0,0.0,6.0,0.1557194029850746,0.14185714285714285,0.0,0.0,0.0,0.11520000000000001,0.13237777777777776,0.0,0.0,0.16487862068965517,0.0,0.12504285714285712,0.0,0.14694666666666667,0.0,0.0,0.23685
2025-04-21,38.0,41.0,0.0,0.0,0.0,27.0,15.0,0.0,0.0,596.0,0.0,15.0,0.0,115.0,6.0,0.0,3.0,0.15725526315789473,0.1722780487804878,0.0,0.0,0.0,0.17606666666666668,0.10013999999999999,0.0,0.0,0.1655986577181208,0.0,0.13624,0.0,0.16633217391304347,0.0421,0.0,0.102
2025-04-28,47.0,51.0,0.0,3.0,0.0,45.0,62.0,0.0,0.0,679.0,0.0,42.0,0.0,140.0,0.0,0.0,3.0,0.1657787234042553,0.16259215686274509,0.0,0.0232,0.0,0.13598666666666667,0.14071290322580646,0.0,0.0,0.15743667157584684,0.0,0.14385714285714285,0.0,0.15463857142857143,0.0,0.0,0.09549999999999999
2025-05-05,46.0,22.0,0.0,0.0,0.0,15.0,31.0,0.0,0.0,649.0,0.0,28.0,0.0,82.0,0.0,0.0,15.0,0.16220434782608698,0.17982272727272727,0.0,0.0,0.0,0.20316,0.17446774193548387,0.0,0.0,0.16567072419106318,0.0,0.08882142857142858,0.0,0.17356097560975609,0.0,0.0,0.16233999999999998
2025-05-12,90.0,10.0,0.0,0.0,0.0,8.0,12.0,0.0,3.0,577.0,0.0,22.0,0.0,70.0,0.0,0.0,0.0,0.16158444444444445,0.08769,0.0,0.0,0.0,0.19619999999999999,0.0931,0.0,0.2422,0.1649694974003466,0.0,0.13946363636363637,0.0,0.16124285714285713,0.0,0.0,0.0
2025-05-19,66.0,33.0,0.0,0.0,0.0,6.0,24.0,0.0,0.0,606.0,0.0,15.0,0.0,82.0,0.0,0.0,6.0,0.1621530303030303,0.1379,0.0,0.0,0.0,0.13435,0.1170625,0.0,0.0,0.1725595709570957,0.0,0.14834,0.0,0.14185731707317073,0.0,0.0,0.14475000000000002
2025-05-26,67.0,32.0,3.0,0.0,0.0,12.0,27.0,3.0,0.0,632.0,0.0,19.0,0.0,65.0,2.0,0.0,6.0,0.14144029850746268,0.14888125,0.1321,0.0,0.0,0.177025,0.18285555555555555,0.1321,0.0,0.16317072784810127,0.0,0.1169842105263158,0.0,0.14856,0.261,0.0,0.12444999999999999
2025-06-02,86.0,21.0,0.0,0.0,0.0,0.0,7.0,0.0,0.0,594.0,3.0,18.0,0.0,71.0,0.0,0.0,6.0,0.16030232558139534,0.19972857142857142,0.0,0.0,0.0,0.0,0.1090285714285714,0.0,0.0,0.17053013468013467,0.030800000000000004,0.16913333333333333,0.0,0.15874225352112675,0.0,0.0,0.19565
2025-06-09,93.0,34.0,0.0,0.0,0.0,18.0,6.0,0.0,0.0,716.0,0.0,9.0,0.0,92.0,0.0,0.0,3.0,0.1356462365591398,0.14819117647058824,0.0,0.0,0.0,0.19593333333333335,0.20809999999999998,0.0,0.0,0.16779916201117318,0.0,0.06666666666666667,0.0,0.14679347826086958,0.0,0.0,0.1145
2025-06-16,65.0,25.0,0.0,0.0,0.0,2.0,30.0,0.0,0.0,811.0,0.0,16.0,0.0,76.0,0.0,0.0,0.0,0.16029076923076924,0.170004,0.0,0.0,0.0,0.143,0.12273,0.0,0.0,0.1718016029593095,0.0,0.17541874999999998,0.0,0.11686447368421053,0.0,0.0,0.0
2025-06-23,110.0,18.0,0.0,0.0,0.0,3.0,14.0,0.0,0.0,884.0,0.0,24.0,0.0,78.0,3.0,0.0,5.0,0.16745363636363636,0.1167,0.0,0.0,0.0,0.2295,0.19992857142857143,0.0,0.0,0.17434717194570135,0.0,0.1273,0.0,0.15963205128205127,0.1145,0.0,0.1401
2025-06-30,82.0,36.0,0.0,0.0,0.0,10.0,12.0,0.0,0.0,647.0,0.0,22.0,0.0,81.0,0.0,0.0,0.0,0.15867560975609757,0.16576666666666667,0.0,0.0,0.0,0.19513,0.19385,0.0,0.0,0.1661885625965997,0.0,0.16460454545454548,0.0,0.17659753086419752,0.0,0.0,0.0
2025-07-07,97.0,54.0,0.0,0.0,0.0,6.0,18.0,0.0,0.0,639.0,0.0,10.0,0.0,59.0,0.0,0.0,6.0,0.1690432989690722,0.18326666666666666,0.0,0.0,0.0,0.0285,0.13726666666666668,0.0,0.0,0.15787636932707355,0.0,0.21978,0.0,0.1813864406779661,0.0,0.0,0.0707
2025-07-14,92.0,32.0,0.0,0.0,0.0,15.0,16.0,0.0,0.0,642.0,0.0,45.0,0.0,93.0,6.0,0.0,6.0,0.15125978260869566,0.237478125,0.0,0.0,0.0,0.14326000000000003,0.21384375,0.0,0.0,0.17137538940809968,0.0,0.15813777777777777,0.0,0.1515741935483871,0.11435,0.0,0.16035000000000002
2025-07-21,117.0,55.0,1.0,0.0,0.0,12.0,34.0,0.0,0.0,644.0,0.0,36.0,0.0,90.0,0.0,0.0,9.0,0.15872478632478634,0.10159090909090909,0.2129,0.0,0.0,0.23682499999999998,0.16021176470588236,0.0,0.0,0.15994021739130435,0.0,0.11867499999999999,0.0,0.16695777777777776,0.0,0.0,0.14663333333333334
2025-07-28,76.0,37.0,0.0,0.0,0.0,0.0,11.0,0.0,3.0,710.0,3.0,27.0,0.0,100.0,3.0,0.0,0.0,0.16304736842105264,0.1588,0.0,0.0,0.0,0.0,0.12593636363636362,0.0,0.2642,0.15406478873239435,0.0534,0.10524444444444445,0.0,0.178043,0.2642,0.0,0.0
2025-08-04,88.0,21.0,0.0,0.0,0.0,18.0,21.0,0.0,0.0,699.0,0.0,24.0,0.0,79.0,0.0,0.0,3.0,0.1564818181818182,0.19747142857142855,0.0,0.0,0.0,0.20581666666666665,0.12034285714285715,0.0,0.0,0.16115708154506436,0.0,0.163475,0.0,0.15559240506329114,0.0,0.0,0.0155
2025-08-11,76.0,32.0,0.0,0.0,0.0,15.0,31.0,0.0,0.0,703.0,0.0,20.0,0.0,49.0,3.0,0.0,0.0,0.16727236842105264,0.219403125,0.0,0.0,0.0,0.22372,0.13740322580645162,0.0,0.0,0.16718947368421053,0.0,0.12458,0.0,0.14543469387755104,0.082,0.0,0.0
2025-08-18,66.0,19.0,3.0,0.0,0.0,8.0,24.0,0.0,3.0,572.0,0.0,24.0,0.0,97.0,9.0,0.0,3.0,0.13677727272727272,0.0919421052631579,0.1264,0.0,0.0,0.22155,0.18673333333333333,0.0,0.2673,0.15769562937062936,0.0,0.11344166666666666,0.0,0.17230515463917526,0.17466666666666664,0.0,0.1028
2025-08-25,62.0,31.0,0.0,0.0,0.0,6.0,29.0,0.0,0.0,646.0,0.0,48.0,0.0,74.0,0.0,0.0,3.0,0.14950806451612905,0.13666774193548387,0.0,0.0,0.0,0.11825000000000001,0.1879137931034483,0.0,0.0,0.17135371517027864,0.0,0.14669374999999998,0.0,0.1748283783783784,0.0,0.0,0.2577
2025-09-01,97.0,34.0,0.0,0.0,3.0,8.0,20.0,0.0,0.0,676.0,0.0,34.0,0.0,78.0,0.0,0.0,2.0,0.1444041237113402,0.1745029411764706,0.0,0.0,0.2295,0.1497,0.15167999999999998,0.0,0.0,0.16203136094674556,0.0,0.14975588235294118,0.0,0.16535128205128205,0.0,0.0,0.102
2025-09-08,78.0,29.0,0.0,3.0,2.0,10.0,22.0,0.0,0.0,665.0,0.0,21.0,0.0,123.0,2.0,0.0,3.0,0.13335641025641026,0.16704827586206897,0.0,0.0,0.1875,0.16515,0.1782409090909091,0.0,0.0,0.1465427067669173,0.0,0.18450000000000003,0.0,0.1873008130081301,0.0039,0.0,0.0
2025-09-15,91.0,28.0,0.0,0.0,0.0,6.0,22.0,0.0,0.0,605.0,0.0,45.0,0.0,118.0,0.0,0.0,2.0,0.1407197802197802,0.13577857142857144,0.0,0.0,0.0,0.1251,0.17433636363636362,0.0,0.0,0.15961636363636364,0.0,0.11134666666666668,0.0,0.1867177966101695,0.0,0.0,0.0888
2025-09-22,87.0,52.0,0.0,0.0,0.0,1.0,12.0,0.0,0.0,623.0,0.0,31.0,0.0,145.0,3.0,0.0,0.0,0.14464367816091953,0.1666576923076923,0.0,0.0,0.0,0.2597,0.119825,0.0,0.0,0.16841540930979132,0.0,0.2058741935483871,0.0,0.14802965517241382,0.2057,0.0,0.0
2025-09-29,82.0,19.0,0.0,3.0,0.0,17.0,17.0,0.0,0.0,731.0,0.0,30.0,0.0,132.0,0.0,3.0,1.0,0.17536219512195123,0.16953157894736842,0.0,0.1672,0.0,0.10768235294117647,0.13849411764705882,0.0,0.0,0.17157222982216142,0.0,0.14399,0.0,0.14914469696969698,0.0,0.1875,0.2711
2025-10-06,117.0,22.0,0.0,0.0,0.0,13.0,28.0,0.0,0.0,698.0,0.0,28.0,0.0,70.0,0.0,0.0,0.0,0.16579316239316239,0.18544090909090907,0.0,0.0,0.0,0.1942846153846154,0.09023928571428572,0.0,0.0,0.15963638968481375,0.0,0.12446071428571429,0.0,0.15140142857142858,0.0,0.0,0.0
2025-10-13,116.0,28.0,0.0,0.0,0.0,12.0,20.0,0.0,0.0,644.0,1.0,27.0,0.0,107.0,3.0,0.0,6.0,0.14921293103448277,0.15096785714285715,0.0,0.0,0.0,0.17714166666666667,0.20365000000000003,0.0,0.0,0.165672049689441,0.0,0.1390888888888889,0.0,0.14434953271028036,0.2577,0.0,0.17384999999999998
2025-10-20,90.0,12.0,0.0,0.0,0.0,15.0,26.0,0.0,0.0,596.0,0.0,33.0,0.0,100.0,6.0,0.0,0.0,0.14201222222222223,0.17825000000000002,0.0,0.0,0.0,0.19812,0.14866153846153846,0.0,0.0,0.16114932885906041,0.0,0.14706969696969696,0.0,0.148553,0.19255,0.0,0.0
2025-10-27,102.0,23.0,0.0,0.0,0.0,14.0,53.0,0.0,0.0,548.0,0.0,33.0,0.0,110.0,3.0,0.0,3.0,0.16006274509803922,0.08714782608695652,0.0,0.0,0.0,0.16075714285714285,0.15415471698113206,0.0,0.0,0.15861259124087593,0.0,0.1382969696969697,0.0,0.1578990909090909,0.1627,0.0,0.1264
2025-11-03,101.0,32.0,0.0,0.0,0.0,20.0,19.0,0.0,0.0,605.0,0.0,36.0,0.0,115.0,12.0,0.0,3.0,0.14404158415841584,0.10722812500000001,0.0,0.0,0.0,0.181065,0.1430578947368421,0.0,0.0,0.16381983471074382,0.0,0.10762500000000001,0.0,0.14534347826086957,0.165625,0.0,0.143
2025-11-10,100.0,52.0,0.0,0.0,0.0,19.0,53.0,0.0,0.0,619.0,3.0,30.0,0.0,139.0,0.0,0.0,3.0,0.16028099999999998,0.17549615384615386,0.0,0.0,0.0,0.15196315789473686,0.15750377358490567,0.0,0.0,0.1556032310177706,0.0,0.15008,0.0,0.1398244604316547,0.0,0.0,0.2287
2025-11-17,181.0,27.0,0.0,0.0,0.0,6.0,24.0,0.0,0.0,583.0,0.0,33.0,0.0,126.0,3.0,0.0,0.0,0.15113591160220993,0.16294444444444445,0.0,0.0,0.0,0.09684999999999999,0.12740416666666668,0.0,0.0,0.17381526586620927,0.0,0.15161818181818182,0.0,0.15541904761904762,0.102,0.0,0.0
2025-11-24,92.0,36.0,6.0,0.0,0.0,17.0,26.0,0.0,0.0,549.0,0.0,42.0,0.0,102.0,3.0,0.0,0.0,0.18113260869565218,0.14956944444444445,0.04485,0.0,0.0,0.17968823529411765,0.13035,0.0,0.0,0.16622058287795993,0.0,0.14737142857142857,0.0,0.1616676470588235,0.2544,0.0,0.0
2025-12-01,97.0,15.0,0.0,3.0,0.0,14.0,15.0,0.0,0.0,552.0,0.0,22.0,0.0,101.0,3.0,0.0,0.0,0.1281463917525773,0.1484,0.0,0.2422,0.0,0.1693785714285714,0.17946,0.0,0.0,0.17171250000000002,0.0,0.1686181818181818,0.0,0.13923168316831683,0.0607,0.0,0.0
2025-12-08,90.0,18.0,0.0,0.0,0.0,12.0,23.0,0.0,0.0,575.0,2.0,32.0,0.0,101.0,0.0,0.0,0.0,0.15141666666666667,0.15546666666666667,0.0,0.0,0.0,0.2108,0.16443913043478262,0.0,0.0,0.17995095652173915,0.2891,0.16695625,0.0,0.1669178217821782,0.0,0.0,0.0
2025-12-15,113.0,31.0,0.0,0.0,0.0,6.0,37.0,0.0,0.0,590.0,0.0,43.0,0.0,124.0,0.0,0.0,6.0,0.1546911504424779,0.12913548387096774,0.0,0.0,0.0,0.17580000000000004,0.21698918918918922,0.0,0.0,0.16951457627118643,0.0,0.15842093023255813,0.0,0.16917338709677418,0.0,0.0,0.20245
2025-12-22,74.0,15.0,0.0,0.0,0.0,3.0,12.0,0.0,0.0,406.0,0.0,14.0,0.0,76.0,0.0,0.0,0.0,0.1598108108108108,0.15056,0.0,0.0,0.0,0.1145,0.12876666666666667,0.0,0.0,0.1624204433497537,0.0,0.18304285714285715,0.0,0.1957578947368421,0.0,0.0,0.0
2025-12-29,79.0,30.0,3.0,0.0,0.0,5.0,12.0,0.0,0.0,458.0,0.0,23.0,0.0,97.0,3.0,0.0,3.0,0.16787088607594935,0.13082333333333335,0.143,0.0,0.0,0.12691999999999998,0.19635,0.0,0.0,0.1678617903930131,0.0,0.1174391304347826,0.0,0.15225876288659793,0.21010000000000004,0.0,0.285
2026-01-05,101.0,35.0,0.0,0.0,0.0,6.0,27.0,0.0,0.0,690.0,0.0,23.0,0.0,97.0,0.0,0.0,0.0,0.14901782178217823,0.14170000000000002,0.0,0.0,0.0,0.16335,0.18309999999999998,0.0,0.0,0.16266057971014491,0.0,0.11323478260869566,0.0,0.14316701030927836,0.0,0.0,0.0
2026-01-12,133.0,22.0,0.0,0.0,0.0,12.0,45.0,0.0,0.0,745.0,0.0,16.0,0.0,88.0,0.0,0.0,0.0,0.15424436090225563,0.14476363636363637,0.0,0.0,0.0,0.152825,0.13506,0.0,0.0,0.1623786577181208,0.0,0.1150875,0.0,0.1516943181818182,0.0,0.0,0.0
2026-01-19,132.0,25.0,1.0,0.0,0.0,13.0,21.0,0.0,0.0,636.0,0.0,34.0,0.0,131.0,0.0,0.0,9.0,0.19639696969696968,0.153112,0.1321,0.0,0.0,0.18080769230769228,0.17112857142857144,0.0,0.0,0.16389182389937107,0.0,0.15636470588235293,0.0,0.14011603053435115,0.0,0.0,0.19843333333333335
2026-01-26,126.0,49.0,0.0,0.0,0.0,17.0,33.0,0.0,0.0,734.0,0.0,20.0,0.0,140.0,0.0,0.0,0.0,0.13076984126984129,0.13643061224489797,0.0,0.0,0.0,0.1897705882352941,0.13225454545454546,0.0,0.0,0.1664425068119891,0.0,0.15694,0.0,0.14523285714285714,0.0,0.0,0.0
2026-02-02,123.0,33.0,0.0,0.0,0.0,16.0,27.0,0.0,0.0,667.0,0.0,29.0,0.0,115.0,0.0,0.0,0.0,0.1499130081300813,0.20179999999999998,0.0,0.0,0.0,0.19770625,0.14127407407407408,0.0,0.0,0.16354347826086957,0.0,0.19399310344827586,0.0,0.15951478260869567,0.0,0.0,0.0
2026-02-09,97.0,31.0,0.0,0.0,0.0,7.0,35.0,0.0,0.0,675.0,0.0,14.0,0.0,144.0,0.0,0.0,3.0,0.1636164948453608,0.15351290322580644,0.0,0.0,0.0,0.14988571428571426,0.12787714285714286,0.0,0.0,0.16368459259259258,0.0,0.22849285714285714,0.0,0.15187916666666668,0.0,0.0,0.2129
2026-02-16,137.0,27.0,0.0,0.0,3.0,3.0,31.0,0.0,0.0,602.0,0.0,44.0,0.0,131.0,0.0,0.0,3.0,0.17026423357664233,0.16697037037037038,0.0,0.0,0.23529999999999998,0.1672,0.14166774193548387,0.0,0.0,0.16161029900332227,0.0,0.1509318181818182,0.0,0.15121832061068702,0.0,0.0,0.2129
2026-02-23,199.0,17.0,0.0,0.0,0.0,21.0,34.0,0.0,0.0,746.0,0.0,36.0,0.0,152.0,0.0,0.0,6.0,0.14900100502512562,0.16373529411764706,0.0,0.0,0.0,0.1459857142857143,0.16629117647058825,0.0,0.0,0.15780723860589813,0.0,0.14025,0.0,0.14522565789473685,0.0,0.0,0.2164
2026-03-02,180.0,15.0,0.0,0.0,0.0,9.0,21.0,0.0,0.0,1156.0,0.0,19.0,0.0,137.0,0.0,0.0,0.0,0.16631500000000002,0.18715333333333334,0.0,0.0,0.0,0.13913333333333333,0.12024285714285715,0.0,0.0,0.18241833910034602,0.0,0.15644736842105264,0.0,0.1546846715328467,0.0,0.0,0.0
2026-03-09,160.0,23.0,3.0,0.0,0.0,12.0,28.0,0.0,0.0,1070.0,0.0,24.0,0.0,123.0,0.0,0.0,3.0,0.163965,0.14466521739130436,0.09549999999999999,0.0,0.0,0.172875,0.11861428571428571,0.0,0.0,0.18061392523364486,0.0,0.1227875,0.0,0.15130243902439022,0.0,0.0,0.29
2026-03-16,151.0,24.0,0.0,0.0,0.0,18.0,9.0,0.0,0.0,1117.0,0.0,22.0,0.0,150.0,0.0,0.0,0.0,0.1688748344370861,0.1275375,0.0,0.0,0.0,0.1124,0.18096666666666666,0.0,0.0,0.17206436884512086,0.0,0.13164545454545454,0.0,0.1529913333333333,0.0,0.0,0.0
2026-03-23,127.0,17.0,0.0,0.0,0.0,12.0,22.0,0.0,0.0,1019.0,0.0,12.0,0.0,127.0,0.0,0.0,0.0,0.15156771653543308,0.1622235294117647,0.0,0.0,0.0,0.11572500000000001,0.13752272727272727,0.0,0.0,0.17730068694798823,0.0,0.14125000000000001,0.0,0.17402913385826774,0.0,0.0,0.0
2026-03-30,88.0,16.0,0.0,0.0,0.0,3.0,28.0,0.0,0.0,969.0,0.0,17.0,0.0,97.0,3.0,0.0,0.0,0.13976022727272727,0.14968125000000002,0.0,0.0,0.0,0.17580000000000004,0.15556428571428574,0.0,0.0,0.1717345717234262,0.0,0.2053764705882353,0.0,0.16099175257731957,0.0,0.0,0.0
2026-04-06,95.0,15.0,3.0,0.0,0.0,9.0,12.0,0.0,0.0,1042.0,0.0,3.0,0.0,91.0,0.0,0.0,0.0,0.15717263157894737,0.15502,0.075,0.0,0.0,0.20356666666666667,0.09365000000000001,0.0,0.0,0.17174884836852208,0.0,0.2407,0.0,0.17258351648351647,0.0,0.0,0.0
2026-04-13,127.0,25.0,0.0,0.0,0.0,24.0,24.0,0.0,0.0,889.0,0.0,1.0,0.0,136.0,0.0,0.0,0.0,0.14121259842519687,0.16621199999999997,0.0,0.0,0.0,0.17025,0.19398749999999998,0.0,0.0,0.17433847019122609,0.0,0.102,0.0,0.15298455882352943,0.0,0.0,0.0
